101	(自身)挑発+ダメージ軽減16%	2101	0	戦闘中、敵全員の攻撃対象を自身に引きつけ、敵から受けるダメージが16%減少する	1600	0	100	0	
102	(自身)挑発+ダメージ軽減17%	2101	0	戦闘中、敵全員の攻撃対象を自身に引きつけ、敵から受けるダメージが17%減少する	1700	0	100	0	
103	(自身)挑発+ダメージ軽減25%	2101	0	戦闘中、敵全員の攻撃対象を自身に引きつけ、敵から受けるダメージが25%減少する	2500	0	100	0	
104	(自身)挑発のみ	2101	0	戦闘中、敵全員の攻撃対象を自身に引きつける	0	0	100	0	
201	PT移動力上昇20	201	0	パーティの移動力が20増加	20	0	0	0	
202	PT移動力低下20	202	0	パーティの移動力が20減少	20	0	0	0	
203	PT移動力上昇50	201	0	パーティの移動力が50増加	50	0	0	0	
204	PT移動力上昇100	201	0	パーティの移動力が100増加	100	0	0	0	
205	PT移動力上昇150	201	0	パーティの移動力が150増加	150	0	0	0	
301	シャインクリスタルドロップ2%	401	0	戦闘中、パーティメンバーのシャインクリスタルのドロップ率が2%上昇　※他アビリティとの組み合わせで最大75%まで上昇	2	5	0	0	
302	シャインクリスタルドロップ3%	401	0	戦闘中、パーティメンバーのシャインクリスタルのドロップ率が3%上昇　※他アビリティとの組み合わせで最大75%まで上昇	3	5	0	0	
303	シャインクリスタルドロップ5%	401	0	戦闘中、パーティメンバーのシャインクリスタルのドロップ率が5%上昇　※他アビリティとの組み合わせで最大75%まで上昇	5	5	0	0	
304	シャインクリスタルドロップ11%	401	0	戦闘中、パーティメンバーのシャインクリスタルのドロップ率が11%上昇　※他アビリティとの組み合わせで最大75%まで上昇	11	5	0	0	
305	シャインクリスタルドロップ10%	401	0	戦闘中、パーティメンバーのシャインクリスタルのドロップ率が10%上昇　※他アビリティとの組み合わせで最大75%まで上昇	10	5	0	0	
306	シャインクリスタルドロップ15%	401	0	戦闘中、パーティメンバーのシャインクリスタルのドロップ率が15%上昇　※他アビリティとの組み合わせで最大75%まで上昇	15	5	0	0	
401	ソラビ威力アップ5%	501	0	戦闘中、ソーラードライブの効果が5%上昇	5	0	0	0	
402	ソラビ威力アップ10%	501	0	戦闘中、ソーラードライブの効果が10%上昇	10	0	0	0	
403	ソラビ威力アップ15%	501	0	戦闘中、ソーラードライブの効果が15%上昇	15	0	0	0	
404	ソラビ威力アップ20%	501	0	戦闘中、ソーラードライブの効果が20%上昇	20	0	0	0	
501	"(自身)防御発動力上昇5% 軽減率10%"	2301	0	戦闘中、自身の防御発動率が5%上昇し、防御時のダメージ軽減率が10%上昇する	500	0	1000	0	
502	"(自身)防御発動力上昇5% 軽減率15%"	2301	0	戦闘中、自身の防御発動率が5%上昇し、防御時のダメージ軽減率が15%上昇する	500	0	1500	0	
511	(自身)防御発動力上昇10%	2301	0	戦闘中、自身の防御発動率が10%上昇する	1000	0	0	0	
512	(自身)防御発動力上昇15%	2301	0	戦闘中、自身の防御発動率が15%上昇する	1500	0	0	0	
601	(自身)防御力5%	101	0	戦闘中、自身の防御力が5%上昇する	5	1	0	0	
602	(自身)防御力10%	101	0	戦闘中、自身の防御力が10%上昇する	10	1	0	0	
603	(自身)防御力15%	101	0	戦闘中、自身の防御力が15%上昇する	15	1	0	0	
604	(自身)防御力20%	101	0	戦闘中、自身の防御力が20%上昇する	20	1	0	0	
605	(自身)防御力30%	101	0	戦闘中、自身の防御力が30%上昇する	30	1	0	0	
606	魔属性5人防御力上昇10%	20101	59	戦闘中、魔属性のパーティメンバーの防御力が10%上昇する　※アビリティによって追加された属性は対象外	10	0	0	0	
607	魔属性5人防御力上昇20%	20101	59	戦闘中、魔属性のパーティメンバーの防御力が20%上昇する　※アビリティによって追加された属性は対象外	20	0	0	0	
608	(PT)防御力10%	101	0	戦闘中、パーティメンバーの防御力が10%上昇する	10	5	0	0	
620	斬属性1人防御力上昇10%	20101	212	戦闘中、斬属性のパーティメンバー1人の防御力が10%上昇する　※アビリティによって追加された属性は対象外	10	0	0	0	
621	斬属性1人防御力上昇25%	20101	212	戦闘中、斬属性のパーティメンバー1人の防御力が25%上昇する　※アビリティによって追加された属性は対象外	25	0	0	0	
622	守護タイプ1人防御力上昇:30%	20101	214	1ターン目、守護タイプのパーティメンバー1人の防御力が30%上昇する　	30	0	0	0	
623	守護タイプ1人防御力上昇:50%	20101	214	1ターン目、守護タイプのパーティメンバー1人の防御力が50%上昇する　	50	0	0	0	
701	(自身)再行動15%	2001	0	自身が敵に攻撃を与えた後、15%の確率で自身は再行動する	15	0	0	0	
702	(自身)再行動25%	2001	0	自身が敵に攻撃を与えた後、25%の確率で自身は再行動する	25	0	0	0	
703	(自身)再行動5%	2001	0	自身が敵に攻撃を与えた後、5%の確率で自身は再行動する	5	0	0	0	
704	(自身)再行動10%	2001	0	自身が敵に攻撃を与えた後、10%の確率で自身は再行動する	10	0	0	0	
705	(自身)再行動20%	2001	0	自身が敵に攻撃を与えた後、20%の確率で自身は再行動する	20	0	0	0	
706	(自身)再行動15%	2001	0	自身が敵に攻撃を与えた後、15%の確率で自身は再行動する	15	0	0	0	
707	(自身)再行動15%(上限解放)	21002	110	ターン開始時、自身のHPが100%以上なら、ターン終了時まで自身が敵に攻撃を与えた後、15%の確率で自身は再行動する　※他アビリティとの組み合わせで再行動確率は最大100%まで上昇可能(上限解放)	15	0	0	0	
708	(自身)再行動10%	21001	110	ターン開始時、自身のHPが100%以上なら、ターン終了時まで自身が敵に攻撃を与えた後、10%の確率で自身は再行動する	10	0	0	0	
751	(自身)再行動5%	21001	265	自身が攻撃を受けた次のターン中、5%の確率で自身は再行動する　	5	0	0	0	
752	(自身)再行動15%	21001	265	自身が攻撃を受けた次のターン中、15%の確率で自身は再行動する　	15	0	0	0	
753	(自身)再行動5%	21001	87	自身が回避した次ターン中、自身は5%の確率で再行動する	5	0	0	0	
754	(自身)再行動15%	21001	87	自身が回避した次ターン中、自身は15%の確率で再行動する	15	0	0	0	
801	(自身)攻撃力上昇5%	1	0	戦闘中、自身の攻撃力が5%上昇	5	1	0	0	
802	(自身)攻撃力上昇10%	1	0	戦闘中、自身の攻撃力が10%上昇	10	1	0	0	
803	PT攻撃力上昇1%	1	0	戦闘中、パーティメンバーの攻撃力が1%上昇	1	5	0	0	
804	PT攻撃力上昇2%	1	0	戦闘中、パーティメンバーの攻撃力が2%上昇	2	5	0	0	
805	PT攻撃力上昇3%	1	0	戦闘中、パーティメンバーの攻撃力が3%上昇	3	5	0	0	
806	PT攻撃力上昇5%	1	0	戦闘中、パーティメンバーの攻撃力が5%上昇	5	5	0	0	
807	PT攻撃力上昇10%	1	0	戦闘中、パーティメンバーの攻撃力が10%上昇	10	5	0	0	
808	PT攻撃力上昇15%	1	0	戦闘中、パーティメンバーの攻撃力が15%上昇	15	5	0	0	
809	PT攻撃力上昇4%	1	0	戦闘中、パーティメンバーの攻撃力が4%上昇	4	5	0	0	
810	PT攻撃力上昇25%	1	0	戦闘中、パーティメンバーの攻撃力が25%上昇	25	5	0	0	
811	PT攻撃力上昇12%	1	0	戦闘中、パーティメンバーの攻撃力が12%上昇	12	5	0	0	
812	PT攻撃力上昇13%	1	0	戦闘中、パーティメンバーの攻撃力が13%上昇	13	5	0	0	
813	(自身)攻撃力上昇7%	1	0	戦闘中、自身の攻撃力が7%上昇	7	1	0	0	
814	(自身)攻撃力上昇14%	1	0	戦闘中、自身の攻撃力が14%上昇	14	1	0	0	
815	(自身)攻撃力上昇15%	1	0	戦闘中、自身の攻撃力が15%上昇	15	1	0	0	
816	(自身)攻撃力上昇40%	1	0	戦闘中、自身の攻撃力が40%上昇	40	1	0	0	
817	(自身)攻撃力上昇35%	1	0	戦闘中、自身の攻撃力が35%上昇	35	1	0	0	
818	(自身)攻撃力上昇20%	1	0	戦闘中、自身の攻撃力が20%上昇	20	1	0	0	
819	(自身)攻撃力上昇30%	1	0	戦闘中、自身の攻撃力が30%上昇	30	1	0	0	
850	PT同品種攻撃力上昇30%	20001	61	戦闘中、自身含む自身と同じ品種のパーティメンバーの攻撃力が30%上昇	30	0	0	0	
851	PT同品種攻撃力上昇60%	20001	61	戦闘中、自身含む自身と同じ品種のパーティメンバーの攻撃力が60%上昇	60	0	0	0	
901	PTの斬属性キャラ攻撃力上昇3%	4	0	戦闘中、斬属性のパーティメンバーの攻撃力が3%上昇　※アビリティによって追加された属性は対象外	3	5	1	0	
902	PTの斬属性キャラ攻撃力上昇5%	4	0	戦闘中、斬属性のパーティメンバーの攻撃力が5%上昇　※アビリティによって追加された属性は対象外	5	5	1	0	
903	PTの斬属性キャラ攻撃力上昇10%	4	0	戦闘中、斬属性のパーティメンバーの攻撃力が10%上昇　※アビリティによって追加された属性は対象外	10	5	1	0	
904	PTの斬属性キャラ攻撃力上昇20%	4	0	戦闘中、斬属性のパーティメンバーの攻撃力が20%上昇　※アビリティによって追加された属性は対象外	20	5	1	0	
905	PTの打属性キャラ攻撃力上昇3%	4	0	戦闘中、打属性のパーティメンバーの攻撃力が3%上昇　※アビリティによって追加された属性は対象外	3	5	2	0	
906	PTの打属性キャラ攻撃力上昇5%	4	0	戦闘中、打属性のパーティメンバーの攻撃力が5%上昇　※アビリティによって追加された属性は対象外	5	5	2	0	
907	PTの打属性キャラ攻撃力上昇10%	4	0	戦闘中、打属性のパーティメンバーの攻撃力が10%上昇　※アビリティによって追加された属性は対象外	10	5	2	0	
908	PTの打属性キャラ攻撃力上昇20%	4	0	戦闘中、打属性のパーティメンバーの攻撃力が20%上昇　※アビリティによって追加された属性は対象外	20	5	2	0	
909	PTの突属性キャラ攻撃力上昇3%	4	0	戦闘中、突属性のパーティメンバーの攻撃力が3%上昇　※アビリティによって追加された属性は対象外	3	5	3	0	
910	PTの突属性キャラ攻撃力上昇5%	4	0	戦闘中、突属性のパーティメンバーの攻撃力が5%上昇　※アビリティによって追加された属性は対象外	5	5	3	0	
911	PTの突属性キャラ攻撃力上昇10%	4	0	戦闘中、突属性のパーティメンバーの攻撃力が10%上昇　※アビリティによって追加された属性は対象外	10	5	3	0	
912	PTの突属性キャラ攻撃力上昇20%	4	0	戦闘中、突属性のパーティメンバーの攻撃力が20%上昇　※アビリティによって追加された属性は対象外	20	5	3	0	
913	PTの魔属性キャラ攻撃力上昇3%	4	0	戦闘中、魔属性のパーティメンバーの攻撃力が3%上昇　※アビリティによって追加された属性は対象外	3	5	4	0	
914	PTの魔属性キャラ攻撃力上昇5%	4	0	戦闘中、魔属性のパーティメンバーの攻撃力が5%上昇　※アビリティによって追加された属性は対象外	5	5	4	0	
915	PTの魔属性キャラ攻撃力上昇10%	4	0	戦闘中、魔属性のパーティメンバーの攻撃力が10%上昇　※アビリティによって追加された属性は対象外	10	5	4	0	
916	PTの魔属性キャラ攻撃力上昇20%	4	0	戦闘中、魔属性のパーティメンバーの攻撃力が20%上昇　※アビリティによって追加された属性は対象外	20	5	4	0	
917	PTの斬属性キャラ攻撃力上昇12%	4	0	戦闘中、斬属性のパーティメンバーの攻撃力が12%上昇　※アビリティによって追加された属性は対象外	12	5	1	0	
918	PTの打属性キャラ攻撃力上昇12%	4	0	戦闘中、打属性のパーティメンバーの攻撃力が12%上昇　※アビリティによって追加された属性は対象外	12	5	2	0	
919	PTの突属性キャラ攻撃力上昇12%	4	0	戦闘中、突属性のパーティメンバーの攻撃力が12%上昇　※アビリティによって追加された属性は対象外	12	5	3	0	
920	PTの魔属性キャラ攻撃力上昇12%	4	0	戦闘中、魔属性のパーティメンバーの攻撃力が12%上昇　※アビリティによって追加された属性は対象外	12	5	4	0	
921	PTの斬属性キャラ攻撃力上昇30%	4	0	戦闘中、斬属性のパーティメンバーの攻撃力が30%上昇　※アビリティによって追加された属性は対象外	30	5	1	0	
922	PTの打属性キャラ攻撃力上昇30%	4	0	戦闘中、打属性のパーティメンバーの攻撃力が30%上昇　※アビリティによって追加された属性は対象外	30	5	2	0	
923	PTの突属性キャラ攻撃力上昇30%	4	0	戦闘中、突属性のパーティメンバーの攻撃力が30%上昇　※アビリティによって追加された属性は対象外	30	5	3	0	
924	PTの魔属性キャラ攻撃力上昇30%	4	0	戦闘中、魔属性のパーティメンバーの攻撃力が30%上昇　※アビリティによって追加された属性は対象外	30	5	4	0	
950	(自身)斬属性キャラ攻撃力上昇10%	4	0	戦闘中、斬属性の1人の攻撃力が10%上昇　※アビリティによって追加された属性は対象外	10	1	1	0	
951	(自身)斬属性キャラ攻撃力上昇20%	4	0	戦闘中、斬属性の1人の攻撃力が20%上昇　※アビリティによって追加された属性は対象外	20	1	1	0	
960	(自身)打属性キャラ攻撃力上昇10%	4	0	戦闘中、打属性の1人の攻撃力が10%上昇　※アビリティによって追加された属性は対象外	10	1	2	0	
961	(自身)打属性キャラ攻撃力上昇20%	4	0	戦闘中、打属性の1人の攻撃力が20%上昇　※アビリティによって追加された属性は対象外	20	1	2	0	
970	(自身)突属性キャラ攻撃力上昇10%	4	0	戦闘中、突属性の1人の攻撃力が10%上昇　※アビリティによって追加された属性は対象外	10	1	3	0	
971	(自身)突属性キャラ攻撃力上昇20%	4	0	戦闘中、突属性の1人の攻撃力が20%上昇　※アビリティによって追加された属性は対象外	20	1	3	0	
980	(自身)魔属性キャラ攻撃力上昇10%	4	0	戦闘中、魔属性の1人の攻撃力が10%上昇　※アビリティによって追加された属性は対象外	10	1	4	0	
981	(自身)魔属性キャラ攻撃力上昇20%	4	0	戦闘中、魔属性の1人の攻撃力が20%上昇　※アビリティによって追加された属性は対象外	20	1	4	0	
1001	PTソラビ回数攻撃力上昇3-9%	1501	0	討伐中のソーラードライブ発動回数に応じ、パーティメンバーの攻撃力が3%ずつ、最大9%まで上昇　※光GAUGE100%で1回、200%で2回、300%で3回分の攻撃力が上昇	3	5	9	0	
1002	PTソラビ回数攻撃力上昇4-12%	1501	0	討伐中のソーラードライブ発動回数に応じ、パーティメンバーの攻撃力が4%ずつ、最大12%まで上昇　※光GAUGE100%で1回、200%で2回、300%で3回分の攻撃力が上昇	4	5	12	0	
1003	PTソラビ回数攻撃力上昇5-15%	1501	0	討伐中のソーラードライブ発動回数に応じ、パーティメンバーの攻撃力が5%ずつ、最大15%まで上昇　※光GAUGE100%で1回、200%で2回、300%で3回分の攻撃力が上昇	5	5	15	0	
1004	PTソラビ回数攻撃力上昇7-21%	1501	0	討伐中のソーラードライブ発動回数に応じ、パーティメンバーの攻撃力が7%ずつ、最大21%まで上昇　※光GAUGE100%で1回、200%で2回、300%で3回分の攻撃力が上昇	7	5	21	0	
1005	PTソラビ回数攻撃力上昇15-45%	1501	0	討伐中のソーラードライブ発動回数に応じ、パーティメンバーの攻撃力が15%ずつ、最大45%まで上昇　※光GAUGE100%で1回、200%で2回、300%で3回分の攻撃力が上昇	15	5	45	0	
1006	PTソラビ回数攻撃力上昇10-30%	1501	0	討伐中のソーラードライブ発動回数に応じ、パーティメンバーの攻撃力が10%ずつ、最大30%まで上昇　※光GAUGE100%で1回、200%で2回、300%で3回分の攻撃力が上昇	10	5	30	0	
1007	PTソラビ回数防御力上昇5-15%	1504	0	討伐中のソーラードライブ発動回数に応じ、パーティメンバーの防御力が5%ずつ、最大15%まで上昇　※光GAUGE100%で1回、200%で2回、300%で3回分の防御力が上昇	5	5	15	0	
1008	PTソラビ回数防御力上昇3-9%	1504	0	討伐中のソーラードライブ発動回数に応じ、パーティメンバーの防御力が10%ずつ、最大30%まで上昇　※光GAUGE100%で1回、200%で2回、300%で3回分の防御力が上昇	10	5	30	0	
1101	PT移動力で攻撃力上昇10%	10	0	戦闘中、パーティメンバーの攻撃力に、パーティの移動力の10%を追加する	10	5	0	0	
1102	PT移動力で攻撃力上昇20%	10	0	戦闘中、パーティメンバーの攻撃力に、パーティの移動力の20%を追加する	20	5	0	0	
1103	PT移動力で攻撃力上昇40%	10	0	戦闘中、パーティメンバーの攻撃力に、パーティの移動力の40%を追加する	40	5	0	0	
1104	PT移動力で攻撃力上昇30%	10	0	戦闘中、パーティメンバーの攻撃力に、パーティの移動力の30%を追加する	30	5	0	0	
1105	PT移動力で攻撃力上昇80%	10	0	戦闘中、パーティメンバーの攻撃力に、パーティの移動力の80%を追加する	80	5	0	0	
1106	PT移動力で攻撃力上昇15%	10	0	戦闘中、パーティメンバーの攻撃力に、パーティの移動力の15%を追加する	15	5	0	0	
1201	(自身)ボス戦攻撃力上昇5%	701	0	ボス敵との戦闘中、自身の攻撃力が5%上昇	5	1	0	0	
1202	(自身)ボス戦攻撃力上昇10%	701	0	ボス敵との戦闘中、自身の攻撃力が10%上昇	10	1	0	0	
1203	(自身)ボス戦攻撃力上昇20%	701	0	ボス敵との戦闘中、自身の攻撃力が20%上昇	20	1	0	0	
1204	PTボス戦攻撃力上昇2%	701	0	ボス敵との戦闘中、パーティメンバーの攻撃力が2%上昇	2	5	0	0	
1205	PTボス戦攻撃力上昇5%	701	0	ボス敵との戦闘中、パーティメンバーの攻撃力が5%上昇	5	5	0	0	
1206	PTボス戦攻撃力上昇10%	701	0	ボス敵との戦闘中、パーティメンバーの攻撃力が10%上昇	10	5	0	0	
1207	PTボス戦攻撃力上昇12%	701	0	ボス敵との戦闘中、パーティメンバーの攻撃力が12%上昇	12	5	0	0	
1208	PTボス戦攻撃力上昇13%	701	0	ボス敵との戦闘中、パーティメンバーの攻撃力が13%上昇	13	5	0	0	
1209	PTボス戦攻撃力上昇25%	701	0	ボス敵との戦闘中、パーティメンバーの攻撃力が25%上昇	25	5	0	0	
1250	(自身)ボス戦攻撃力上昇15%	701	0	ボス敵との戦闘中、自身の攻撃力が15%上昇	15	1	0	0	
1251	(自身)ボス戦攻撃力上昇40%	701	0	ボス敵との戦闘中、自身の攻撃力が40%上昇	40	1	0	0	
1252	(自身)ボス戦攻撃力上昇25%	701	0	ボス敵との戦闘中、自身の攻撃力が25%上昇	25	1	0	0	
1301	(自身)弱点属性ダメージアップ20%	2201	0	戦闘中、自身の弱点属性の敵に対するダメージが20%上昇する	20	1	0	0	
1302	(自身)弱点属性ダメージアップ25%	2201	0	戦闘中、自身の弱点属性の敵に対するダメージが25%上昇する	25	1	0	0	
1303	(自身)弱点属性ダメージアップ30%	2201	0	戦闘中、自身の弱点属性の敵に対するダメージが30%上昇する	30	1	0	0	
1304	(自身)弱点属性ダメージアップ10%	2201	0	戦闘中、自身の弱点属性の敵に対するダメージが10%上昇する	10	1	0	0	
1305	(自身)弱点属性ダメージアップ15%	2201	0	戦闘中、自身の弱点属性の敵に対するダメージが15%上昇する	15	1	0	0	
1350	PTの弱点属性の敵に対するダメージ上昇8%	2201	0	戦闘中、パーティーメンバーの弱点属性の敵に対するダメージが8%上昇する	8	5	0	0	
1351	PTの弱点属性の敵に対するダメージ上昇15%	2201	0	戦闘中、パーティーメンバーの弱点属性の敵に対するダメージが15%上昇する	15	5	0	0	
1352	PTの弱点属性の敵に対するダメージ上昇7%	2201	0	戦闘中、パーティーメンバーの弱点属性の敵に対するダメージが7%上昇する	7	5	0	0	
1353	PTの弱点属性の敵に対するダメージ上昇12%	2201	0	戦闘中、パーティーメンバーの弱点属性の敵に対するダメージが12%上昇する	12	5	0	0	
1401	PTの斬属性キャラボスダメージ上昇2%	23	0	戦闘中、斬属性のパーティメンバーがボスに対して与えるダメージが2%増加　※アビリティによって追加された属性は対象外	2	5	1	0	
1402	PTの斬属性キャラボスダメージ上昇4%	23	0	戦闘中、斬属性のパーティメンバーがボスに対して与えるダメージが4%増加　※アビリティによって追加された属性は対象外	4	5	1	0	
1403	PTの斬属性キャラボスダメージ上昇5%	23	0	戦闘中、斬属性のパーティメンバーがボスに対して与えるダメージが5%増加　※アビリティによって追加された属性は対象外	5	5	1	0	
1404	PTの斬属性キャラボスダメージ上昇10%	23	0	戦闘中、斬属性のパーティメンバーがボスに対して与えるダメージが10%増加　※アビリティによって追加された属性は対象外	10	5	1	0	
1405	PTの打属性キャラボスダメージ上昇2%	23	0	戦闘中、打属性のパーティメンバーがボスに対して与えるダメージが2%増加　※アビリティによって追加された属性は対象外	2	5	2	0	
1406	PTの打属性キャラボスダメージ上昇4%	23	0	戦闘中、打属性のパーティメンバーがボスに対して与えるダメージが4%増加　※アビリティによって追加された属性は対象外	4	5	2	0	
1407	PTの打属性キャラボスダメージ上昇5%	23	0	戦闘中、打属性のパーティメンバーがボスに対して与えるダメージが5%増加　※アビリティによって追加された属性は対象外	5	5	2	0	
1408	PTの打属性キャラボスダメージ上昇10%	23	0	戦闘中、打属性のパーティメンバーがボスに対して与えるダメージが10%増加　※アビリティによって追加された属性は対象外	10	5	2	0	
1409	PTの突属性キャラボスダメージ上昇2%	23	0	戦闘中、突属性のパーティメンバーがボスに対して与えるダメージが2%増加　※アビリティによって追加された属性は対象外	2	5	3	0	
1410	PTの突属性キャラボスダメージ上昇4%	23	0	戦闘中、突属性のパーティメンバーがボスに対して与えるダメージが4%増加　※アビリティによって追加された属性は対象外	4	5	3	0	
1411	PTの突属性キャラボスダメージ上昇5%	23	0	戦闘中、突属性のパーティメンバーがボスに対して与えるダメージが5%増加　※アビリティによって追加された属性は対象外	5	5	3	0	
1412	PTの突属性キャラボスダメージ上昇10%	23	0	戦闘中、突属性のパーティメンバーがボスに対して与えるダメージが10%増加　※アビリティによって追加された属性は対象外	10	5	3	0	
1413	PTの魔属性キャラボスダメージ上昇2%	23	0	戦闘中、魔属性のパーティメンバーがボスに対して与えるダメージが2%増加　※アビリティによって追加された属性は対象外	2	5	4	0	
1414	PTの魔属性キャラボスダメージ上昇4%	23	0	戦闘中、魔属性のパーティメンバーがボスに対して与えるダメージが4%増加　※アビリティによって追加された属性は対象外	4	5	4	0	
1415	PTの魔属性キャラボスダメージ上昇5%	23	0	戦闘中、魔属性のパーティメンバーがボスに対して与えるダメージが5%増加　※アビリティによって追加された属性は対象外	5	5	4	0	
1416	PTの魔属性キャラボスダメージ上昇10%	23	0	戦闘中、魔属性のパーティメンバーがボスに対して与えるダメージが10%増加　※アビリティによって追加された属性は対象外	10	5	4	0	
1417	PTの打属性キャラボスダメージ上昇7%	23	0	戦闘中、打属性のパーティメンバーがボスに対して与えるダメージが7%増加　※アビリティによって追加された属性は対象外	7	5	2	0	
1418	PTの打属性キャラボスダメージ上昇15%	23	0	戦闘中、打属性のパーティメンバーがボスに対して与えるダメージが15%増加　※アビリティによって追加された属性は対象外	15	5	2	0	
1500	(自身)クリティカルダメージ上昇5%	1702	0	戦闘中、自身のクリティカルダメージが5%上昇	5	1	0	0	
1501	(自身)クリティカルダメージ上昇10%	1702	0	戦闘中、自身のクリティカルダメージが10%上昇	10	1	0	0	
1502	PTクリティカルダメージ上昇1%	1702	0	戦闘中、パーティメンバーのクリティカルダメージが1%上昇	1	5	0	0	
1503	PTクリティカルダメージ上昇3%	1702	0	戦闘中、パーティメンバーのクリティカルダメージが3%上昇	3	5	0	0	
1504	PTクリティカルダメージ上昇5%	1702	0	戦闘中、パーティメンバーのクリティカルダメージが5%上昇	5	5	0	0	
1505	PTクリティカルダメージ上昇6%	1702	0	戦闘中、パーティメンバーのクリティカルダメージが6%上昇	6	5	0	0	
1506	PTクリティカルダメージ上昇10%	1702	0	戦闘中、パーティメンバーのクリティカルダメージが10%上昇	10	5	0	0	
1507	PTクリティカルダメージ上昇20%	1702	0	戦闘中、パーティメンバーのクリティカルダメージが20%上昇	20	5	0	0	
1508	(自身)クリティカルダメージ上昇30%	1702	0	戦闘中、自身のクリティカルダメージが30%上昇	30	1	0	0	
1509	PTの打属性キャラクリティカルダメージ上昇7%	1703	0	戦闘中、打属性のパーティメンバーのクリティカルダメージが7%上昇　※アビリティによって追加された属性は対象外	7	5	2	0	
1510	PTの打属性キャラクリティカルダメージ上昇25%	1703	0	戦闘中、打属性のパーティメンバーのクリティカルダメージが25%上昇　※アビリティによって追加された属性は対象外	25	5	2	0	
1511	(自身)クリティカルダメージ上昇15%	1702	0	戦闘中、自身のクリティカルダメージが15%上昇	15	1	0	0	
1512	(自身)クリティカルダメージ上昇20%	1702	0	戦闘中、自身のクリティカルダメージが20%上昇	20	1	0	0	
1513	PTの魔属性キャラクリティカルダメージ上昇10%	1703	0	戦闘中、魔属性のパーティメンバーのクリティカルダメージが10%上昇　※アビリティによって追加された属性は対象外	10	5	4	0	
1514	PTの魔属性キャラクリティカルダメージ上昇20%	1703	0	戦闘中、魔属性のパーティメンバーのクリティカルダメージが20%上昇　※アビリティによって追加された属性は対象外	20	5	4	0	
1515	(自身)クリティカルダメージ上昇5%	1702	0	戦闘中、自身のクリティカルダメージが5%上昇	5	1	0	0	
1601	PTクリティカル発生率1%	1701	0	戦闘中、パーティメンバーのクリティカル攻撃発生率が1%上昇　※他アビリティとの組み合わせで発生率は最大80%まで上昇可能	1	5	0	0	
1602	PTクリティカル発生率3%	1701	0	戦闘中、パーティメンバーのクリティカル攻撃発生率が3%上昇　※他アビリティとの組み合わせで発生率は最大80%まで上昇可能	3	5	0	0	
1603	PTクリティカル発生率5%	1701	0	戦闘中、パーティメンバーのクリティカル攻撃発生率が5%上昇　※他アビリティとの組み合わせで発生率は最大80%まで上昇可能	5	5	0	0	
1604	PTクリティカル発生率6%	1701	0	戦闘中、パーティメンバーのクリティカル攻撃発生率が6%上昇　※他アビリティとの組み合わせで発生率は最大80%まで上昇可能	6	5	0	0	
1605	PTクリティカル発生率10%	1701	0	戦闘中、パーティメンバーのクリティカル攻撃発生率が10%上昇　※他アビリティとの組み合わせで発生率は最大80%まで上昇可能	10	5	0	0	
1606	PTクリティカル発生率15%	1701	0	戦闘中、パーティメンバーのクリティカル攻撃発生率が15%上昇　※他アビリティとの組み合わせで発生率は最大80%まで上昇可能	15	5	0	0	
1607	(自身)クリティカル発生率20%	1701	0	戦闘中、自身のクリティカル攻撃発生率が20%上昇　※他アビリティとの組み合わせで発生率は最大80%まで上昇可能	20	1	0	0	
1608	(自身)クリティカル発生率30%	1701	0	戦闘中、自身のクリティカル攻撃発生率が30%上昇　※他アビリティとの組み合わせで発生率は最大80%まで上昇可能	30	1	0	0	
1613	PTクリティカル発生率50%	1701	0	戦闘中、パーティメンバーのクリティカル攻撃発生率が50%上昇　※他アビリティとの組み合わせで発生率は最大80%まで上昇可能	50	5	0	0	
1620	[魔属性一人]PTクリティカル発生率10%	20301	211	戦闘中、魔属性のパーティメンバー1人のクリティカル攻撃発生率が10%上昇　※他アビリティとの組み合わせで発生率は最大80%まで上昇可能	10	0	0	0	
1621	[魔属性一人]PTクリティカル発生率20%	20301	211	戦闘中、魔属性のパーティメンバー1人のクリティカル攻撃発生率が20%上昇　※他アビリティとの組み合わせで発生率は最大80%まで上昇可能	20	0	0	0	
1701	(自身)スキル発動率1.1倍	1104	0	戦闘中、自身のスキル発動率が1.1倍上昇	10	1	0	0	
1702	(自身)スキル発動率1.2倍	1104	0	戦闘中、自身のスキル発動率が1.2倍上昇	20	1	0	0	
1703	HP50%以下で次ターンから2ターンの間スキル発動率1.5倍	20401	18	討伐中1回、自身のHPが50%以下となった次ターンから2ターンの間、自身のスキル発動率を1.5倍にする	50	0	0	0	
1704	HP50%以下で次ターンから3ターンの間スキル発動率2倍	20401	19	討伐中1回、自身のHPが50%以下となった次ターンから3ターンの間、自身のスキル発動率を2倍にする	100	0	0	0	
1710	戦闘中、魔属性のパーティメンバーのスキル発動率1.1倍	20401	293	戦闘中、魔属性のパーティメンバーのスキル発動を1.1倍する	10	0	0	0	
1711	戦闘中、魔属性のパーティメンバーのスキル発動率1.2倍	20401	293	戦闘中、魔属性のパーティメンバーのスキル発動率を1.2倍する	20	0	0	0	
1801	(自身)1ターン目スキル発動率1.1倍	1101	0	戦闘中、1ターン目の自身の戦闘スキル発動率が1.1倍になる	110	1	1	0	
1802	(自身)1ターン目スキル発動率1.2倍	1101	0	戦闘中、1ターン目の自身の戦闘スキル発動率が1.2倍になる	120	1	1	0	
1803	(自身)1ターン目スキル発動率1.5倍	1101	0	戦闘中、1ターン目の自身の戦闘スキル発動率が1.5倍になる	150	1	1	0	
1901	PTの斬属性キャラスキルダメージ上昇2%	22	0	戦闘中、斬属性のパーティメンバーのスキルダメージが2%上昇　※アビリティによって追加された属性は対象外	2	5	1	0	
1902	PTの斬属性キャラスキルダメージ上昇4%	22	0	戦闘中、斬属性のパーティメンバーのスキルダメージが4%上昇　※アビリティによって追加された属性は対象外	4	5	1	0	
1903	PTの斬属性キャラスキルダメージ上昇5%	22	0	戦闘中、斬属性のパーティメンバーのスキルダメージが5%上昇　※アビリティによって追加された属性は対象外	5	5	1	0	
1904	PTの斬属性キャラスキルダメージ上昇10%	22	0	戦闘中、斬属性のパーティメンバーのスキルダメージが10%上昇　※アビリティによって追加された属性は対象外	10	5	1	0	
1905	PTの打属性キャラスキルダメージ上昇2%	22	0	戦闘中、打属性のパーティメンバーのスキルダメージが2%上昇　※アビリティによって追加された属性は対象外	2	5	2	0	
1906	PTの打属性キャラスキルダメージ上昇4%	22	0	戦闘中、打属性のパーティメンバーのスキルダメージが4%上昇　※アビリティによって追加された属性は対象外	4	5	2	0	
1907	PTの打属性キャラスキルダメージ上昇5%	22	0	戦闘中、打属性のパーティメンバーのスキルダメージが5%上昇　※アビリティによって追加された属性は対象外	5	5	2	0	
1908	PTの打属性キャラスキルダメージ上昇10%	22	0	戦闘中、打属性のパーティメンバーのスキルダメージが10%上昇　※アビリティによって追加された属性は対象外	10	5	2	0	
1909	PTの突属性キャラスキルダメージ上昇2%	22	0	戦闘中、突属性のパーティメンバーのスキルダメージが2%上昇　※アビリティによって追加された属性は対象外	2	5	3	0	
1910	PTの突属性キャラスキルダメージ上昇4%	22	0	戦闘中、突属性のパーティメンバーのスキルダメージが4%上昇　※アビリティによって追加された属性は対象外	4	5	3	0	
1911	PTの突属性キャラスキルダメージ上昇5%	22	0	戦闘中、突属性のパーティメンバーのスキルダメージが5%上昇　※アビリティによって追加された属性は対象外	5	5	3	0	
1912	PTの突属性キャラスキルダメージ上昇10%	22	0	戦闘中、突属性のパーティメンバーのスキルダメージが10%上昇　※アビリティによって追加された属性は対象外	10	5	3	0	
1913	PTの魔属性キャラスキルダメージ上昇2%	22	0	戦闘中、魔属性のパーティメンバーのスキルダメージが2%上昇　※アビリティによって追加された属性は対象外	2	5	4	0	
1914	PTの魔属性キャラスキルダメージ上昇4%	22	0	戦闘中、魔属性のパーティメンバーのスキルダメージが4%上昇　※アビリティによって追加された属性は対象外	4	5	4	0	
1915	PTの魔属性キャラスキルダメージ上昇5%	22	0	戦闘中、魔属性のパーティメンバーのスキルダメージが5%上昇　※アビリティによって追加された属性は対象外	5	5	4	0	
1916	PTの魔属性キャラスキルダメージ上昇10%	22	0	戦闘中、魔属性のパーティメンバーのスキルダメージが10%上昇　※アビリティによって追加された属性は対象外	10	5	4	0	
1917	PTの突属性キャラスキルダメージ上昇7%	22	0	戦闘中、突属性のパーティメンバーのスキルダメージが7%上昇　※アビリティによって追加された属性は対象外	7	5	3	0	
1918	PTの突属性キャラスキルダメージ上昇15%	22	0	戦闘中、突属性のパーティメンバーのスキルダメージが15%上昇　※アビリティによって追加された属性は対象外	15	5	3	0	
1919	PTの魔属性キャラスキルダメージ上昇7%	22	0	戦闘中、魔属性のパーティメンバーのスキルダメージが7%上昇　※アビリティによって追加された属性は対象外	7	5	4	0	
1920	PTの魔属性キャラスキルダメージ上昇15%	22	0	戦闘中、魔属性のパーティメンバーのスキルダメージが15%上昇　※アビリティによって追加された属性は対象外	15	5	4	0	
2001	敵2体攻撃力デバフ2%	1801	0	敵2体の攻撃力を2%低下させる　※他アビリティとの組み合わせで敵の攻撃力は最大70%まで低下可能	2	2	0	0	
2002	敵2体攻撃力デバフ5%	1801	0	敵2体の攻撃力を5%低下させる　※他アビリティとの組み合わせで敵の攻撃力は最大70%まで低下可能	5	2	0	0	
2003	敵2体攻撃力デバフ10%	1801	0	敵2体の攻撃力を10%低下させる　※他アビリティとの組み合わせで敵の攻撃力は最大70%まで低下可能	10	2	0	0	
2004	敵2体攻撃力デバフ15%	1801	0	敵2体の攻撃力を15%低下させる　※他アビリティとの組み合わせで敵の攻撃力は最大70%まで低下可能	15	2	0	0	
2011	敵1体攻撃力デバフ10%	1801	0	敵1体の攻撃力を10%低下させる　※他アビリティとの組み合わせで敵の攻撃力は最大70%まで低下可能	10	1	0	0	
2013	敵1体攻撃力デバフ20%	1801	0	敵1体の攻撃力を20%低下させる　※他アビリティとの組み合わせで敵の攻撃力は最大70%まで低下可能	20	1	0	0	
2051	敵3体攻撃力デバフ5%	1801	0	敵全体の攻撃力を5%低下させる　※他アビリティとの組み合わせで敵の攻撃力は最大70%まで低下可能	5	3	0	0	
2052	敵全体の攻撃力低下10%	20701	213	1ターン目、敵全体の攻撃力を10%低下させる　※他アビリティとの組み合わせで敵の攻撃力は最大70%まで低下可能	10	0	0	0	
2053	敵全体の攻撃力低下25%	20701	213	1ターン目、敵全体の攻撃力を25%低下させる　※他アビリティとの組み合わせで敵の攻撃力は最大70%まで低下可能	25	0	0	0	
2101	"スキルやパネルによる自身の回復量を30%増加 最大HPを125%超えて回復する"	2401	0	戦闘スキルやパネルによる自身の回復量を30%増加し、最大HPの125%まで回復してHPを維持できる	30	0	25	0	
2110	装着者は最大HPの105%まで回復してHPを維持できる	2401	0	装着者は最大HPの105%まで回復してHPを維持できる	0	0	5	0	
2111	装着者は最大HPの110%まで回復してHPを維持できる	2401	0	装着者は最大HPの110%まで回復してHPを維持できる	0	0	10	0	
2112	装着者は最大HPの115%まで回復してHPを維持できる	2401	0	装着者は最大HPの115%まで回復してHPを維持できる	0	0	15	0	
2113	装着者は最大HPの120%まで回復してHPを維持できる	2401	0	装着者は最大HPの120%まで回復してHPを維持できる	0	0	20	0	
2114	装着者は最大HPの135%まで回復してHPを維持できる	2401	0	装着者は最大HPの135%まで回復してHPを維持できる	0	0	35	0	
2115	装着者は最大HPの140%まで回復してHPを維持できる	2401	0	装着者は最大HPの140%まで回復してHPを維持できる	0	0	40	0	
2201	戦闘中、1ターン目の自身の攻撃力を15%上昇	301	0	戦闘中、1ターン目の自身の攻撃力が15%上昇	15	1	1	0	
2202	戦闘中、1ターン目の自身の攻撃力を20%上昇	301	0	戦闘中、1ターン目の自身の攻撃力が20%上昇	20	1	1	0	
2203	戦闘中、1ターン目の自身の攻撃力を30%上昇	301	0	戦闘中、1ターン目の自身の攻撃力が30%上昇	30	1	1	0	
2251	戦闘中、1ターン目のパーティーメンバーの攻撃力を15%上昇	301	0	戦闘中、1ターン目のパーティーメンバーの攻撃力が15%上昇	15	5	1	0	
2252	戦闘中、1ターン目のパーティーメンバーの攻撃力を40%上昇	301	0	戦闘中、1ターン目のパーティーメンバーの攻撃力が40%上昇	40	5	1	0	
2301	パーティメンバーのスキルダメージ上昇5%	8	0	戦闘中、パーティメンバーのスキルダメージが5%上昇	5	5	0	0	
2302	パーティメンバーのスキルダメージ上昇12%	8	0	戦闘中、パーティメンバーのスキルダメージが12%上昇	12	5	0	0	
2303	パーティメンバーのスキルダメージ上昇2%	8	0	戦闘中、パーティメンバーのスキルダメージが2%上昇	2	5	0	0	
2304	パーティメンバーのスキルダメージ上昇3%	8	0	戦闘中、パーティメンバーのスキルダメージが3%上昇	3	5	0	0	
2305	パーティメンバーのスキルダメージ上昇8%	8	0	戦闘中、パーティメンバーのスキルダメージが8%上昇	8	5	0	0	
2350	自身のスキルダメージ上昇3%	8	0	戦闘中、自身のスキルダメージが3%上昇	3	1	0	0	
2351	自身のスキルダメージ上昇6%	8	0	戦闘中、自身のスキルダメージが6%上昇	6	1	0	0	
2352	自身のスキルダメージ上昇10%	8	0	戦闘中、自身のスキルダメージが10%上昇	10	1	0	0	
2353	自身のスキルダメージ上昇20%	8	0	戦闘中、自身のスキルダメージが20%上昇	20	1	0	0	
2354	自身のスキルダメージ上昇30%	8	0	戦闘中、自身のスキルダメージが30%上昇	30	1	0	0	
2355	[1ターン目]自身のスキルダメージ上昇15%	20203	70	戦闘中、1ターン目の自身のスキルダメージが15%上昇	15	0	0	0	
2356	[1ターン目]自身のスキルダメージ上昇30%	20203	70	戦闘中、1ターン目の自身のスキルダメージが30%上昇	30	0	0	0	
2357	自身のスキルダメージ上昇45%	8	0	戦闘中、自身のスキルダメージが45%上昇	45	1	0	0	
2401	PTのボスダメージ上昇5%	3	0	戦闘中、パーティメンバーがボスに対して与えるダメージが5%増加する	5	5	0	0	
2402	PTのボスダメージ上昇12%	3	0	戦闘中、パーティメンバーがボスに対して与えるダメージが12%増加する	12	5	0	0	
2403	PTのボスダメージ上昇10%	3	0	戦闘中、パーティメンバーがボスに対して与えるダメージが10%増加する	10	5	0	0	
2450	自身のボスダメージ上昇15%	3	0	戦闘中、自身がボスに対して与えるダメージが15%増加する	15	1	0	0	
2451	自身のボスダメージ上昇40%	3	0	戦闘中、自身がボスに対して与えるダメージが40%増加する	40	1	0	0	
2452	自身のボスダメージ上昇10%	3	0	戦闘中、自身がボスに対して与えるダメージが10%増加する	10	1	0	0	
2453	自身のボスダメージ上昇30%	3	0	戦闘中、自身がボスに対して与えるダメージが30%増加する	30	1	0	0	
2501	PT攻撃力、敵の数が少なくなるほど上昇※3体なら4%、2体なら8%、1体なら12%上昇	15	0	戦闘中、パーティメンバーの攻撃力が敵の数が少なくなるほど上昇　※3体なら4%、2体なら8%、1体なら12%上昇	12	5	8	4	
2502	PT攻撃力、敵の数が少なくなるほど上昇※3体なら10%、2体なら20%、1体なら30%上昇	15	0	戦闘中、パーティメンバーの攻撃力が敵の数が少なくなるほど上昇　※3体なら10%、2体なら20%、1体なら30%上昇	30	5	20	10	
2601	PTの攻撃力がターン経過に応じ10%ずつ上昇	13	0	戦闘中、パーティメンバーの攻撃力がターン経過に応じ10%ずつ上昇　※最大20%まで上昇可能、経過ターン数は戦闘ごとにリセットされる	10	5	20	0	
2602	PTの攻撃力がターン経過に応じ20%ずつ上昇	13	0	戦闘中、パーティメンバーの攻撃力がターン経過に応じ20%ずつ上昇　※最大40%まで上昇可能、経過ターン数は戦闘ごとにリセットされる	20	5	40	0	
2603	PTの攻撃力がターン経過に応じ4%ずつ上昇	13	0	戦闘中、パーティメンバーの攻撃力がターン経過に応じ4%ずつ上昇　※最大12%まで上昇可能、経過ターン数は戦闘ごとにリセットされる	4	5	12	0	
2604	PTの攻撃力がターン経過に応じ8%ずつ上昇	13	0	戦闘中、パーティメンバーの攻撃力がターン経過に応じ8%ずつ上昇　※最大24%まで上昇可能、経過ターン数は戦闘ごとにリセットされる	8	5	24	0	
2701	PTの与えるダメージがターン経過に応じ1%上昇	14	0	戦闘中、パーティメンバーの与えるダメージがターン経過に応じ1%ずつ上昇　※最大4%まで上昇可能、経過ターン数は戦闘ごとにリセットされる	1	5	4	0	
2702	PTの与えるダメージがターン経過に応じ2%上昇	14	0	戦闘中、パーティメンバーの与えるダメージがターン経過に応じ2%ずつ上昇　※最大8%まで上昇可能、経過ターン数は戦闘ごとにリセットされる	2	5	8	0	
2703	PTの与えるダメージがターン経過に応じ3%上昇	14	0	戦闘中、パーティメンバーの与えるダメージがターン経過に応じ3%ずつ上昇　※最大9%まで上昇可能、経過ターン数は戦闘ごとにリセットされる	3	5	9	0	
2704	PTの与えるダメージがターン経過に応じ6%上昇	14	0	戦闘中、パーティメンバーの与えるダメージがターン経過に応じ6%ずつ上昇　※最大18%まで上昇可能、経過ターン数は戦闘ごとにリセットされる	6	5	18	0	
2801	5%の確率で回避	1206	0	戦闘中、自身は5%の確率で敵の攻撃を回避する　※他アビリティとの組み合わせで回避率は最大90%まで上昇可能	5	5	100	0	
2802	10%の確率で回避	1206	0	戦闘中、自身は10%の確率で敵の攻撃を回避する　※他アビリティとの組み合わせで回避率は最大90%まで上昇可能	10	10	100	0	
2803	2%の確率で回避	1206	0	戦闘中、自身は2%の確率で敵の攻撃を回避する　※他アビリティとの組み合わせで回避率は最大90%まで上昇可能	2	5	100	0	
2810	特殊回避1回	20802	29	戦闘中、自身は1回まで敵の攻撃を特殊回避する	1	0	0	0	
2811	特殊回避2回	20802	29	戦闘中、自身は2回まで敵の攻撃を特殊回避する	2	0	0	0	
2901	光GAUGEが15%溜まった状態から討伐開始	801	0	光GAUGEが15%溜まった状態から討伐開始	15	0	0	0	
2902	光GAUGEが25%溜まった状態から討伐開始	801	0	光GAUGEが25%溜まった状態から討伐開始	25	0	0	0	
2903	光GAUGEが30%溜まった状態から討伐開始	801	0	光GAUGEが30%溜まった状態から討伐開始	30	0	0	0	
2904	光GAUGEが50%溜まった状態から討伐開始	801	0	光GAUGEが50%溜まった状態から討伐開始	50	0	0	0	
2905	光GAUGEが5%溜まった状態から討伐開始	801	0	光GAUGEが5%溜まった状態から討伐開始	5	0	0	0	
2906	光GAUGEが10%溜まった状態から討伐開始	801	0	光GAUGEが10%溜まった状態から討伐開始	10	0	0	0	
2910	スキルを使用するたびに光GAUGE50%獲得	21102	5	戦闘中、自身がスキルを使用した直後、光GAUGEを50%獲得する	50	0	0	0	
2911	スキルを使用するたびに光GAUGE100%獲得	21102	5	戦闘中、自身がスキルを使用した直後、光GAUGEを100%獲得する	100	0	0	0	
3000	(自身)斬属性付与	1205	0	"戦闘中、装着者は、斬属性弱点の敵に弱点(1.5倍ダメージ)が発動する  ※装着者が斬属性の場合、斬属性以外のメンバーを対象に選ぶ。弱点の効果は重複せず、同じ効果のアビリティも重複しない"	1	1	0	0	
3001	"斬属性付与 2人"	1205	0	"戦闘中、装着者を含む2人が、斬属性弱点の敵に弱点(1.5倍ダメージ)が発動する ※装着者が斬属性の場合、斬属性以外のメンバーを対象に選ぶ。弱点の効果は重複せず、同じ効果のアビリティも重複しない"	1	2	0	0	
3010	(自身)打属性付与	1205	0	"戦闘中、装着者は、打属性弱点の敵に弱点(1.5倍ダメージ)が発動する  ※装着者が打属性の場合、打属性以外のメンバーを対象に選ぶ。弱点の効果は重複せず、同じ効果のアビリティも重複しない"	2	1	0	0	
3011	"打属性付与 2人"	1205	0	"戦闘中、装着者を含む2人が、打属性弱点の敵に弱点(1.5倍ダメージ)が発動する ※装着者が打属性の場合、打属性以外のメンバーを対象に選ぶ。弱点の効果は重複せず、同じ効果のアビリティも重複しない"	2	2	0	0	
3020	(自身)突属性付与	1205	0	"戦闘中、装着者は、突属性弱点の敵に弱点(1.5倍ダメージ)が発動する  ※装着者が突属性の場合、突属性以外のメンバーを対象に選ぶ。弱点の効果は重複せず、同じ効果のアビリティも重複しない"	3	1	0	0	
3021	"突属性付与 2人"	1205	0	"戦闘中、装着者を含む2人が、突属性弱点の敵に弱点(1.5倍ダメージ)が発動する ※装着者が突属性の場合、突属性以外のメンバーを対象に選ぶ。弱点の効果は重複せず、同じ効果のアビリティも重複しない"	3	2	0	0	
3030	(自身)魔属性付与	1205	0	"戦闘中、装着者は、魔属性弱点の敵に弱点(1.5倍ダメージ)が発動する  ※装着者が魔属性の場合、魔属性以外のメンバーを対象に選ぶ。弱点の効果は重複せず、同じ効果のアビリティも重複しない"	4	1	0	0	
3031	"魔属性付与 2人"	1205	0	"戦闘中、装着者を含む2人が、魔属性弱点の敵に弱点(1.5倍ダメージ)が発動する ※装着者が魔属性の場合、魔属性以外のメンバーを対象に選ぶ。弱点の効果は重複せず、同じ効果のアビリティも重複しない"	4	2	0	0	
3100	PT防御力の10％を攻撃力に追加	17	0	"戦闘中、パーティメンバーの攻撃力に、それぞれの防御力の10%を追加する ※防御力、攻撃力の割合増加アビリティのどちらも影響する"	10	5	0	0	
3101	PT防御力の20％を攻撃力に追加	17	0	"戦闘中、パーティメンバーの攻撃力に、それぞれの防御力の20%を追加する ※防御力、攻撃力の割合増加アビリティのどちらも影響する"	20	5	0	0	
3102	自身の防御力の20％を攻撃力に追加	17	0	戦闘中、装着者の攻撃力に、防御力の20%を追加する　※防御力、攻撃力の割合増加アビリティのどちらも影響する	20	1	0	0	
3103	自身の防御力の35％を攻撃力に追加	17	0	戦闘中、装着者の攻撃力に、防御力の35%を追加する　※防御力、攻撃力の割合増加アビリティのどちらも影響する	35	1	0	0	
3104	自身の防御力の5％を攻撃力に追加	17	0	"戦闘中、装着者の攻撃力に、防御力の5%を追加する ※防御力、攻撃力の割合増加アビリティのどちらも影響する"	5	1	0	0	
3105	自身の防御力の10％を攻撃力に追加	17	0	"戦闘中、装着者の攻撃力に、防御力の10%を追加する ※防御力、攻撃力の割合増加アビリティのどちらも影響する"	10	1	0	0	
3200	スキルLvに応じてPTスキル発動率1.05～1.17	1105	0	戦闘中、装着者のスキルLv(1～5)に応じて、装着者のスキル発動率が上昇(1.05～1.17倍)	5	1	3	0	
3201	スキルLvに応じてPTスキル発動率1.15～1.27	1105	0	戦闘中、装着者のスキルLv(1～5)に応じて、装着者のスキル発動率が上昇(1.15～1.27倍)	15	1	3	0	
3300	被ダメ後スキル発動率上昇(1.15倍)	1209	0	"戦闘中、装着者が攻撃を受けた次ターン時に装着者のスキル発動率が1.15倍になる ※回避時も効果は発動する"	115	1	0	0	
3301	被ダメ後スキル発動率上昇(1.3倍)	1209	0	"戦闘中、装着者が攻撃を受けた次ターン時に装着者のスキル発動率が1.3倍になる ※回避時も効果は発動する"	130	1	0	0	
3400	自身1回100%ガッツ	8100	0	自身は100%の確率で1回まで戦闘不能にならずHP1で耐える　※Gutsはアビリティ毎に別で抽選し効果は重複しない	100	1	1	0	
3401	自身2回100%ガッツ	8100	0	自身は100%の確率で2回まで戦闘不能にならずHP1で耐える　※Gutsはアビリティ毎に別で抽選し効果は重複しない	100	1	2	0	
3402	自身3回100%ガッツ	8100	0	自身は100%の確率で3回まで戦闘不能にならずHP1で耐える　※Gutsはアビリティ毎に別で抽選し効果は重複しない	100	1	3	0	
3500	被ダメ後与ダメージ上昇(10％)	1210	0	戦闘中、自身が攻撃を受けた次ターン時にパーティメンバーの与えるダメージが10%上昇　※回避時も効果は発動する	10	5	0	0	
3501	被ダメ後与ダメージ上昇(24％)	1210	0	戦闘中、自身が攻撃を受けた次ターン時にパーティメンバーの与えるダメージが24%上昇　※回避時も効果は発動する	24	5	0	0	
3600	PTソラビ回数与ダメージ上昇4-12%	1502	0	討伐中のソーラードライブ発動回数に応じ、パーティメンバーの与えるダメージが4%ずつ、最大12%まで上昇　※光GAUGE100%で1回、200%で2回、300%で3回分のダメージが上昇	4	5	12	0	
3601	PTソラビ回数与ダメージ上昇9-27%	1502	0	討伐中のソーラードライブ発動回数に応じ、パーティメンバーの与えるダメージが9%ずつ、最大27%まで上昇　※光GAUGE100%で1回、200%で2回、300%で3回分のダメージが上昇	9	5	27	0	
3700	敵2体ミスデバフ5%	1203	0	戦闘中、敵2体が5%の確率で攻撃をミスするようになる　※他アビリティとの組み合わせで敵の攻撃ミスは最大70%の確率まで上昇可能	5	2	0	0	
3701	PTメンバー数依存攻撃力上昇2-10%	18	0	戦闘中、パーティメンバーの攻撃力が戦闘開始時のメンバーの数×2%上昇	2	5	0	0	
3702	PTメンバー数依存攻撃力上昇5-25%	18	0	戦闘中、パーティメンバーの攻撃力が戦闘開始時のメンバーの数×5%上昇	5	5	0	0	
3790	敵1体ミスデバフ5%	1203	0	戦闘中、敵1体が5%の確率で攻撃をミスするようになる　※他アビリティとの組み合わせで敵の攻撃ミスは最大70%の確率まで上昇可能	5	1	0	0	
3791	敵1体ミスデバフ10%	1203	0	戦闘中、敵1体が10%の確率で攻撃をミスするようになる　※他アビリティとの組み合わせで敵の攻撃ミスは最大70%の確率まで上昇可能	10	1	0	0	
3801	属性数依存攻撃力上昇4-12%	16	0	戦闘中、パーティメンバーの属性の種類が多いほど、攻撃力が上昇(1属性で4%、2属性で8%、3属性以上で12%)　※アビリティによって追加された属性は対象外	4	5	8	12	
3802	属性数依存攻撃力上昇10-30%	16	0	戦闘中、パーティメンバーの属性の種類が多いほど、攻撃力が上昇(1属性で10%、2属性で20%、3属性以上で30%)　※アビリティによって追加された属性は対象外	10	5	20	30	
3803	属性数依存攻撃力上昇4-12%	16	0	戦闘中、パーティメンバーの属性の種類が少ないほど、攻撃力が上昇(3属性以上で4%、2属性で8%、1属性で12%)　※アビリティによって追加された属性は対象外	12	5	8	4	
3804	属性数依存攻撃力上昇10-30%	16	0	戦闘中、パーティメンバーの属性の種類が少ないほど、攻撃力が上昇(3属性以上で10%、2属性で20%、1属性で30%)　※アビリティによって追加された属性は対象外	30	5	20	10	
3901	自身スキル発動回数攻撃力上昇10-50%	1401	0	戦闘中、パーティメンバーの戦闘スキルが発動する度に、自身の攻撃力が10%ずつ上昇　※戦闘スキル発動回数による自身の攻撃力は最大50%まで上昇可能	10	1	50	0	
3902	自身スキル発動回数攻撃力上昇15-75%	1401	0	戦闘中、パーティメンバーの戦闘スキルが発動する度に、自身の攻撃力が15%ずつ上昇　※戦闘スキル発動回数による自身の攻撃力は最大75%まで上昇可能	15	1	75	0	
4000	毎ターン30%の確率で10%回復	1901	0	毎ターン30%の確率で自身の最大HPの10%回復する　※HP回復は他アビリティとは別々に発動する	10	0	30	0	
4001	毎ターン60%の確率で10%回復	1901	0	毎ターン60%の確率で自身の最大HPの10%回復する　※HP回復は他アビリティとは別々に発動する	10	0	60	0	
4002	戦闘開始時、自身のHPを最大HPの1%に変更する	20506	29	戦闘開始時、自身のHPを最大HPの1%に変更する	1	0	0	0	
4011	毎ターン100%の確率で10%回復	1901	0	毎ターン100%の確率で自身の最大HPの10%回復する　※HP回復は他アビリティとは別々に発動する	10	0	100	0	
4100	HP50%以下で次ターンから2ターンの間5%吸収(吸収量上限なし)	20504	18	討伐中1回、自身のHPが50%以下となった次ターンから2ターンの間、自身の戦闘スキルに5%のHP吸収効果を追加する　※この効果を受けた戦闘スキルでは、1回につき最大HPの半分まで回復可能	5	0	0	0	
4101	HP50%以下で次ターンから3ターンの間5%吸収(吸収量上限なし)	20504	19	討伐中1回、自身のHPが50%以下となった次ターンから3ターンの間、自身の戦闘スキルに10%のHP吸収効果を追加する　※この効果を受けた戦闘スキルでは、1回につき最大HPの半分まで回復可能	10	0	0	0	
4201	同所属国家の3人に無効化付与	20503	56	戦闘中、自身含む自身と同じ所属国家の3人がそれぞれ1回ダメージを無効化する　※無効より回避や攻撃ミスが優先される	1	0	0	0	
4202	同所属国家の5人に無効化付与	20503	57	戦闘中、自身含む自身と同じ所属国家のパーティメンバーがそれぞれ1回ダメージを無効化する　※無効より回避や攻撃ミスが優先される	1	0	0	0	
4203	自身に一回ダメージ無効化付与	20503	29	戦闘中、自身は1回ダメージを無効化する　※無効より回避や攻撃ミスが優先される	1	0	0	0	
4204	自身に二回ダメージ無効化付与	20503	29	戦闘中、自身は2回ダメージを無効化する　※無効より回避や攻撃ミスが優先される	2	0	0	0	
4301	PTのHP80%以下の敵へのダメージ10%上昇	20206	1	戦闘中、パーティメンバーはHPが80%以下の敵に対して与えるダメージが10%上昇	80	10	0	0	
4302	PTのHP80%以下の敵へのダメージ15%上昇	20206	1	戦闘中、パーティメンバーはHPが80%以下の敵に対して与えるダメージが15%上昇	80	15	0	0	
4303	自身のHP40%以上の敵へのダメージ40%上昇	20205	29	戦闘中、自身はHPが40%以上の敵に対して与えるダメージが40%上昇	40	40	0	0	
4401	自身の現在HP/最大HPの10分の1を割合として、敵へのダメージが上昇	1402	0	戦闘中、自身の現在HP/最大HPの10分の1を割合として、敵へのダメージが上昇　※例として、現在HP100%でダメージ10%上昇	10	0	0	0	
4402	自身の現在HP/最大HPの4分の1を割合として、敵へのダメージが上昇	1402	0	戦闘中、自身の現在HP/最大HPの4分の1を割合として、敵へのダメージが上昇　※例として、現在HP100%でダメージ25%上昇	25	0	0	0	
4500	(自身)HP保護10%	20502	29	戦闘中、自身はHP保護10%を持つ	10	0	0	0	
4501	(自身)HP保護20%	20502	29	戦闘中、自身はHP保護20%を持つ	20	0	0	0	
4502	(自身)HP保護30%	20502	29	戦闘中、自身はHP保護30%を持つ	30	0	0	0	
4503	(自身)HP保護40%	20502	29	戦闘中、自身はHP保護40%を持つ	40	0	0	0	
4504	(自身)HP保護50%	20502	29	戦闘中、自身はHP保護50%を持つ	50	0	0	0	
4505	(自身)HP保護100%	20502	29	戦闘中、自身はHP保護100%を持つ	100	0	0	0	
4506	(自身)HP保護150%	20502	29	戦闘中、自身はHP保護150%を持つ	150	0	0	0	
4510	(3人)HP保護15%	20502	216	戦闘中、パーティメンバー3人はHP保護15%を持つ	15	0	0	0	
4511	(5人)HP保護15%	20502	1	戦闘中、パーティメンバー全員はHP保護15%を持つ	15	0	0	0	
4600	追撃10%	5001	0	戦闘中、装着者が攻撃を行った後、装着者はパーティ総合力の10%を攻撃力に変換し、攻撃を行った敵に追撃する	10	0	0	0	
4601	追撃20%	5001	0	戦闘中、装着者が攻撃を行った後、装着者はパーティ総合力の20%を攻撃力に変換し、攻撃を行った敵に追撃する	20	0	0	0	
4602	追撃30%	5001	0	戦闘中、装着者が攻撃を行った後、装着者はパーティ総合力の30%を攻撃力に変換し、攻撃を行った敵に追撃する	30	0	0	0	
4603	追撃40%	5001	0	戦闘中、装着者が攻撃を行った後、装着者はパーティ総合力の40%を攻撃力に変換し、攻撃を行った敵に追撃する	40	0	0	0	
4604	追撃50%	5001	0	戦闘中、装着者が攻撃を行った後、装着者はパーティ総合力の50%を攻撃力に変換し、攻撃を行った敵に追撃する	50	0	0	0	
4700	敵全体スキルデバフ10%	1803	0	スキルを使用する敵全体のスキル発動率を10%低下させる　※他アビリティとの組み合わせで敵のスキル発動率は最大90%まで低下可能	10	3	0	0	
4701	敵全体スキルデバフ20%	1803	0	スキルを使用する敵全体のスキル発動率を20%低下させる　※他アビリティとの組み合わせで敵のスキル発動率は最大90%まで低下可能	20	3	0	0	
4800	HP回復20%	20501	215	戦闘中1回、HP50％以下になった直後自身のHP回復20%	20	0	0	0	
4801	HP回復50%	20501	215	戦闘中1回、HP50％以下になった直後自身のHP回復40%	40	0	0	0	
40001	回避するたび自身の攻撃力30%上昇	20001	2	>回避で攻撃力アップ	30	0	0	0	
40002	回避するたび自身は25%回復	20501	3	>回避でHP回復	25	0	0	0	
40003	攻撃力100%上昇迎撃	7002	0	>迎撃付与	100	1	100	0	
40004	スキル後自身のスキルダメージ40%上昇	20203	6		50	0	0	0	
40005	スキル後自身の攻撃力100%上昇	20001	42		150	0	0	0	
40006	スキル後自身のスキルダメージ80%上昇	20203	43		100	0	0	0	
40007	スキル後自身の攻撃力200%上昇	20001	44		300	0	0	0	
40008	スキル後自身のスキルダメージ120%上昇	20203	45		150	0	0	0	
40017	クリティカル攻撃後その対象に被ダメージ上昇	20706	11		2000	0	0	0	
40018	ターン開始時、自身のHPを20%回復。戦闘中1回	20501	13		20	0	0	0	
40019	ターン開始時、ターン終了時まで自身の防御力を50%上昇。戦闘中1回	20101	14		50	0	0	0	
40020	攻撃時、自身の攻撃力100％上昇	20001	28	>攻撃の度に攻撃力上昇	100	0	0	0	
40021	↑説明用	20001	29	>斬属性の花騎士にアビリティ付与	0	0	0	0	
40022	ターン開始時、パーティメンバーにバリア3枚を付与。戦闘中1回	20503	34		3	0	0	0	
40023	↑説明用	20001	29	>打属性の花騎士にアビリティ付与	0	0	0	0	
40024	攻撃時、自身のクリティカル発生率20%上昇	20303	28	>攻撃の度にクリティカル発生率上昇	20	0	0	0	
40025	↑説明用	20001	29	>突属性の花騎士にアビリティ付与	0	0	0	0	
40026	攻撃時、自身の命中率20%上昇	20803	28	>攻撃の度に命中率上昇	20	0	0	0	
40027	↑説明用	20001	29	>魔属性の花騎士にアビリティ付与	0	0	0	0	
40028	攻撃時、パーティメンバーの攻撃力100％上昇	20001	30	>攻撃時花騎士の攻撃力上昇	100	0	0	0	
40029	↑説明用	20001	29	>斬属性の花騎士1人にアビリティ付与	0	0	0	0	
40030	ターン開始時、パーティメンバーにバリア15枚を付与。戦闘中1回	20503	34		15	0	0	0	
40031	↑説明用	20001	29	>打属性の花騎士1人にアビリティ付与	0	0	0	0	
40032	攻撃時、パーティメンバーのクリティカル発生率20%上昇	20303	30	>攻撃時花騎士のクリティカル発生率上昇	20	0	0	0	
40033	↑説明用	20001	29	>突属性の花騎士1人にアビリティ付与	0	0	0	0	
40034	攻撃時、パーティメンバーの命中率20%上昇	20803	30	>攻撃時花騎士の命中率上昇	20	0	0	0	
40035	↑説明用	20001	29	>魔属性の花騎士1人にアビリティ付与	0	0	0	0	
40036	ターン開始時、自身の攻撃力を50％低下。戦闘中1回	20701	13		50	0	0	0	
40037	ターン開始時、自身の与えるダメージ50%上昇。戦闘中1回	20201	13		50	0	0	0	
40038	自身は最大HPの110%まで現在HPを維持できる	2401	0		0	0	10	0	
40039	自身は回復量を20%上昇し、最大HPの120%まで現在HPを維持できる	2401	0		20	0	20	0	
40040	現在HP/最大HPの10分の1を割合として、敵へのダメージが上昇	1402	0		10	0	0	0	
40041	現在HP/最大HPの4分の1を割合として、敵へのダメージが上昇	1402	0		25	0	0	0	
40042	3ターン毎に自身、3ターン持続	20001	50		100	300	0	0	
40043	自身が攻撃を受けた次ターンスキル発動率2倍	1209	0		200	1	0	0	
40044	自身がスキルを発動した次ターン中、自身の攻撃力を100%上昇	20001	63		100	0	0	0	
40045	自身がスキルを発動した次ターン中、自身のスキルダメージを50%上昇	20203	63		50	0	0	0	
40046	自身がクリティカルを発動した次ターン中、自身のボスダメージ+30%	20202	68		30	0	0	0	
40047	[戦闘中1回]自身が攻撃を受けた直後、自身のHPを回復	20501	75		10	0	0	0	
40048	[戦闘中1回]自身が攻撃を受けた直後、自身にHP保護を付与	20502	75		5	0	0	0	
40049	[戦闘中1回]ターン開始時、自身のHPを回復	20501	76		20	0	0	0	
40050	[戦闘中1回]ターン開始時、自身にHP保護を付与	20502	76		10	0	0	0	
40051	戦闘開始時、パーティメンバーの攻撃力+30%	1	0		30	5	0	0	
40052	戦闘開始時、パーティメンバーのスキル発動率1.2倍	1102	0		20	5	0	0	
40053	自身の与えるダメージ+{(現在HP/最大HP)/4}%	1402	0		25	0	0	0	
40054	自身がスキルを発動した次ターン中、自身のスキルダメージ+30％	20203	63		30	0	0	0	
40055	自身がスキルを発動した次ターン中、自身のボスダメージ+30%	20202	63		30	0	0	0	
40056	自身がスキルを発動した次ターン中、自身のボスダメージ+25%	20202	63		25	0	0	0	
40057	自身がスキルを発動した次ターン中、自身の攻撃力を45%上昇	20001	63		45	0	0	0	
40058	自身がクリティカルを発動した次ターン中、自身のスキルダメージ+50%	20203	68		50	0	0	0	
40059	自身がスキルを発動した次ターン中、自身のボスダメージ+50%	20202	63		50	0	0	0	
40060	自身が攻撃を受けた次ターン中、自身のボスダメージ+50%	20202	80		50	0	0	0	
40061	自身がスキルを発動した次ターン中、自身のスキルダメージ+40％	20203	63		40	0	0	0	
40062	自身がクリティカルを発動した次ターン中、自身の攻撃力+45%	20001	68		45	0	0	0	
40063	自身が攻撃を受けた次ターン中、自身のスキルダメージ+40%	20203	80		40	0	0	0	
40064	自身がスキルを発動した次ターン中、自身の弱点属性ダメージ+30％	20204	63		30	0	0	0	
40065	自身がスキルを発動した次ターン中、自身の弱点属性ダメージ+40％	20204	63		40	0	0	0	
40066	挑発(小)	2101	0		0	0	50	0	
40067	自身の防御力+50%	20101	29		50	0	0	0	
40068	自身にHP保護150%を付与	20502	29		150	0	0	0	
40069	[生存中]パーティメンバーに防壁(30%)を付与	20103	82		3000	0	0	0	
40070	自身の特殊回避+3回	20802	29		3	0	0	0	
40071	自身の回避率+70%	20801	29		70	0	0	0	
40072	自身がスキルを発動した次ターン中、自身の弱点属性ダメージ+50％	20204	63		50	0	0	0	
40073	自身が攻撃を受けた次ターン中、自身のボスダメージ+45%	20202	80		45	0	0	0	
40074	挑発	2101	0		0	0	100	0	
40075	[自身]自身が通常攻撃を行うたびに防御力低下:10%	20702	97		10	0	0	0	
40076	[自身]自身がクリティカル攻撃を行った直後、光GAUGE増加:20%	21102	98		20	0	0	0	
40077	回避するたび自身はHP保護10%を得る	20502	3	>回避でHP保護	10	0	0	0	
40078	防御するたびクリティカルダメージ40%上昇(最大3回)	20302	103	>防御でクリティカルダメージ上昇	40	0	0	0	
40079	自身の防御力+300%	20101	29		300	0	0	0	
40080	[自身][戦闘中1回まで]自身のHPが50%以下になった次ターンから防御力上昇:150%	20101	117		150	0	0	0	
40081	[自身][戦闘中1回まで]自身のHPが50%以下になった次ターン開始時、HP保護追加:200%	20502	117		200	0	0	0	
40082	パーティメンバーの反撃ダメージ上昇15％	21201	1	戦闘中、パーティメンバーの反撃ダメージが15%上昇	15	0	0	0	
40083	パーティメンバーの反撃ダメージ上昇25%	21201	1	戦闘中、パーティメンバーの反撃ダメージが25%上昇	25	0	0	0	
40084	ターン終了時自身のHPが50%以下なら戦闘終了時まで防御力上昇30％	20101	117	ターン開始時、自身のHPが50%以下なら、自身の防御力を30%上昇　※この効果は戦闘中1回まで発動可能	30	0	0	0	
40085	自身は最大HPの150%まで現在HPを維持できる	2401	0		0	0	50	0	
40086	自身に「確定ガッツ:99回」を付与	20104	29		0	0	0	0	
40087	パーティメンバーのスキル発動率上昇1.2倍	20401	1		20	0	0	0	
40088	戦闘開始時、自身のHPを最大HPの1%に変更	20506	29	戦闘開始時、自身のHPを最大HPの1%に変更	1	0	0	0	
40089	戦闘中、自身は1回まで敵の攻撃を特殊回避する	20802	29	戦闘中、自身は1回まで敵の攻撃を特殊回避する	1	0	0	0	
40090	戦闘中、自身は2回まで敵の攻撃を特殊回避する	20802	29	戦闘中、自身は2回まで敵の攻撃を特殊回避する	2	0	0	0	
40091	戦闘中、自身の残りHPが低いほど自身の攻撃力が上昇　※残りHPによる攻撃力上昇は最大60%	3100	0	戦闘中、自身の残りHPが低いほど自身の攻撃力が上昇　※残りHPによる攻撃力上昇は最大60%	60	0	0	0	
40092	戦闘中、自身の残りHPが低いほど自身の攻撃力が上昇　※残りHPによる攻撃力上昇は最大120%	3100	0	戦闘中、自身の残りHPが低いほど自身の攻撃力が上昇　※残りHPによる攻撃力上昇は最大120%	120	0	0	0	
40093	3倍迎撃	7002	0	>迎撃付与	100	1	300	0	
40094	3回攻撃を受けるたびHP保護30%	20502	139	>3回被攻撃のたびHP保護	30	0	0	0	
40095	5回攻撃を受けるたびバリア1枚	20503	140	>5回被攻撃のたびダメージ無効化	1	0	0	0	
40096	自身が突属性ならスキルダメージ15%上昇	20203	147	戦闘中、装着者が突属性なら装着者のスキルダメージを15%上昇　※アビリティによって追加された属性は対象外	15	0	0	0	
40097	自身が突属性ならスキルダメージ35%上昇	20203	147	戦闘中、装着者が突属性なら装着者のスキルダメージを35%上昇　※アビリティによって追加された属性は対象外	35	0	0	0	
40098	自身が突属性なら攻撃力15%上昇	20001	147	戦闘中、装着者が突属性なら装着者の攻撃力を15%上昇　※アビリティによって追加された属性は対象外	15	0	0	0	
40099	自身が突属性なら攻撃力35%上昇	20001	147	戦闘中、装着者が突属性なら装着者の攻撃力を35%上昇　※アビリティによって追加された属性は対象外	35	0	0	0	
40100	自身が打属性なら再行動率上昇10%	21001	156	戦闘中、装着者が打属性なら、敵に攻撃を与えた後10%の確率で装着者は再行動する　※アビリティによって追加された属性は対象外	10	0	0	0	
40101	自身が打属性なら再行動率上昇30%	21001	156	戦闘中、装着者が打属性なら、敵に攻撃を与えた後30%の確率で装着者は再行動する　※アビリティによって追加された属性は対象外	30	0	0	0	
40102	追撃30%	5001	0	>追撃付与	30	0	0	0	
40103	自身は最大HPの125%まで現在HPを維持できる	2401	0		0	0	25	0	
40104	自身除く敵味方全員の攻撃力低下20%	20701	168	自身を除く敵味方全体の攻撃力を20%低下させる　※他アビリティとの組み合わせで攻撃力は最大70%まで低下可能	20	0	0	0	
40105	装着者の与えるダメージが20%上昇	20201	29	戦闘中、装着者の与えるダメージが20%上昇	20	0	0	0	
40106	装着者の与えるダメージが40%上昇	20201	29	戦闘中、装着者の与えるダメージが40%上昇	40	0	0	0	
40107	装着者の受けるダメージが20%上昇	20706	29	戦闘中、装着者の受けるダメージが20%上昇	2000	0	0	0	
40108	戦闘開始時、装着者のHPを100%回復する	20501	29	戦闘開始時、100%の確率で装着者のHPを最大HPの100%回復する　※HP回復は他アビリティとは別々に発動する	100	0	0	0	
40109	対象は最大HPの300%まで現在HPを維持できる	2401	0	最大HPを300%まで維持する(戦闘終了まで)	0	0	200	0	
40110	対象はHPを100%回復する	20501	194	>HPを100%回復する(戦闘中3回まで)	100	0	0	0	
40111	自身の与えるダメージ+{(現在HP/最大HP)/1}%	1402	0	自身の与えるダメージ+{(現在HP/最大HP)/1}%ジュズダマ	100	0	0	0	
40112	攻撃される直前HP保護付与	20502	199	>HP保護10%	10	0	0	0	
40113	"(自身)防御発動力上昇3% 軽減率5%"	2301	0	戦闘中、自身の防御発動率が3%上昇し、防御時のダメージ軽減率が4%上昇する	300	0	400	0	
40114	"(自身)防御発動力上昇0% 軽減率9%"	2301	0	戦闘中、自身の防御発動率が0%上昇し、防御時のダメージ軽減率が9%上昇する	0	0	900	0	
40116	再行動率上昇:60%	2001	0	再行動率上昇:60%	60	0	0	0	
40117	[自身]攻撃力上昇:65%	1	0	[自身]攻撃力上昇:65%	65	1	0	0	
40118	[3人]【攻撃属性追加】:斬	1205	0	[3人]【攻撃属性追加】:斬	1	3	0	0	
40119	[3人]【攻撃属性追加】:打	1205	0	[3人]【攻撃属性追加】:打	2	3	0	0	
40120	[3人]【攻撃属性追加】:突	1205	0	[3人]【攻撃属性追加】:突	3	3	0	0	
40121	[自身]2の倍数のターン中、攻撃力上昇:100%	20001	220	>[自身]2の倍数のターン中、攻撃力上昇:100%	100	0	0	0	
40122	[自身]2の倍数のターン中、【再行動】率上昇:50%	21001	220	>[自身]2の倍数のターン中、【再行動】率上昇:50%(上限50％)	50	50	0	0	
40123	[自身]2の倍数のターン中、スキル発動率:2倍	20401	220	>[自身]2の倍数のターン中、スキル発動率:2倍	100	100	0	0	
40124	[敵全体][1ターン目]スキル発動率低下:50%、以降低下:25％	20704	213	[敵全体][1ターン目]スキル発動率低下:25%	25	0	0	0	
40125	[敵全体][1ターン目]スキル発動率低下:50%、以降低下:25％	20704	222	[敵全体]スキル発動率低下:25％	25	0	0	0	
40126	[敵全体][1ターン目]クリティカル率低下:100%以降低下:50%	1805	0	[敵全体][1ターン目]クリティカル発動率低下:100%	50	3	1	0	
40127	[突属性3人]自身がスキルを発動した次のターン、クリティカル発生率上昇:20%	20301	225	>[突属性3人]自身がスキルを発動した次のターン、クリティカル発生率上昇:20%	20	0	0	0	
40128	[突属性3人]自身がスキルを発動した次のターン、クリティカル発生率上昇:20%	20301	225	>[突属性3人]自身がスキルを発動した次のターン、クリティカル発生率上昇:50%	50	0	0	0	
40129	[5人]スキル発動率:それぞれの好感度に応じて最大1.2倍	1102	0	>[5人]スキル発動率:それぞれの好感度に応じて最大1.2倍	20	5	0	0	
40130	[5人]【クリティカル】率上昇:15%	1701	0	>[5人]【クリティカル】率上昇:15%	15	5	0	0	
40131	[5人]攻撃力上昇:20%	1	0	>[5人]攻撃力上昇:20%	20	5	0	0	
40132	[5人]攻撃力上昇:25%	1	0	>[5人]攻撃力上昇:25%	25	5	0	0	
40133	[5人]【クリティカル】ダメージ上昇:20%	1702	0	>[5人]【クリティカル】ダメージ上昇:20%	20	5	0	0	
40134	[5人]特殊回避(1回)	20802	236	>[5人]特殊回避(1回)	1	0	0	0	
40135	防御力上昇:200%(3ターン)	20101	238	>[5人]防御力上昇:200%(3ターン)	200	200	0	0	
40136	"スキル発動率低下: 50% (3ターン)"	20704	243	">[敵全体]スキル発動率低下: 50% (3ターン)"	50	50	0	0	
40137	攻撃力低下:50%(3ターン)	20701	243	>[敵全体]攻撃力低下:50%(3ターン)	50	50	0	0	
40138	クリティカル発動率上昇:25%(2ターン)	20301	237	>[5人]クリティカル発動率上昇:25%(2ターン)	25	0	0	0	
40139	自身がクリティカルを発動した直後、特殊回避(1回)(2ターン)	20802	241	>[5人]自身がクリティカルを発動した直後、特殊回避(1回)(2ターン)	1	0	0	0	
40140	防御力低下50%(2ターン)	20702	244	>[敵全体]防御力低下:50%(2ターン)	50	0	0	0	
40141	攻撃力上昇40%(ターン経過で最大120%)	20001	237	>[5人]攻撃力上昇40%(ターン経過で最大120%)	40	120	0	0	
40142	被回復量上昇:100%(2ターン)	2401	237	>[5人]被回復量上昇:100%(2ターン)	100	0	0	0	
40143	自身がクリティカルを発動した直後、連撃20%付与	20601	237	>[5人]自身がクリティカルを発動した直後、連撃20%(ターン中最大3回)付与(2ターン)	20	1	0	0	
40144	"自身が回避に成功した直後、HPの50％ を回復(1ターン)"	20501	240	">[5人]自身が回避に成功した直後、HPの50％ を回復(1ターン)"	50	0	0	0	
40145	攻撃力上昇:40%(2ターン)	20001	237	>[5人]攻撃力上昇:40%(2ターン)	40	0	0	0	
40146	スキルダメージ上昇:100%(2ターン)	20203	237	>[5人]スキルダメージ上昇:100%(2ターン)	100	0	0	0	
40147	クリティカル発動率上昇:50%(1ターン)	20301	236	>[5人]クリティカル発動率上昇:50%(1ターン)	50	100	0	0	
40148	弱点属性ダメージ上昇:100%(1ターン)	20204	236	>[5人]弱点属性ダメージ上昇:100%(1ターン)	100	0	0	0	
40149	"与ダメージ上昇: 50%(1ターン)"	20201	236	">[5人]与ダメージ上昇: 50%(1ターン)"	50	0	0	0	
40150	クリティカルダメージ上昇:200%(1ターン)	20302	236	>[5人]クリティカルダメージ上昇:200%(1ターン)	200	0	0	0	
40151	ボスダメージ上昇：100%(1ターン)	20202	236	>[5人]ボスダメージ上昇：100%(1ターン)	100	0	0	0	
40152	クリティカル攻撃を行った直後、ターン終了時までその攻撃対象の被ダメージ上昇:5%(3ターン)	20706	11	>クリティカル攻撃を行った直後、ターン終了時までその攻撃対象の被ダメージ上昇:5%(3ターン)	500	0	0	0	
40153	防御力の50%を攻撃力に追加(1ターン)	20002	236	>[5人]防御力の50%を攻撃力に追加(1ターン)	50	0	0	0	
40154	防御力の100%を攻撃力に追加(1ターン)	20002	236	>[5人]防御力の100%を攻撃力に追加(1ターン)	100	0	0	0	
40155	防御力の150%を攻撃力に追加(1ターン)	20002	236	>[5人]防御力の150%を攻撃力に追加(1ターン)	150	0	0	0	
40156	攻撃属性追加:斬打突魔(1ターン)	20901	236	>攻撃属性追加:斬打突魔(1ターン)	1	0	0	0	
40157	攻撃属性追加:斬打突魔(1ターン)	20901	236	>攻撃属性追加:斬打突魔(1ターン)	2	0	0	0	
40158	攻撃属性追加:斬打突魔(1ターン)	20901	236	>攻撃属性追加:斬打突魔(1ターン)	3	0	0	0	
40159	攻撃属性追加:斬打突魔(1ターン)	20901	236	>攻撃属性追加:斬打突魔(1ターン)	4	0	0	0	
40160	クリティカル攻撃を行った直後、ターン終了時までその攻撃対象の被ダメージ上昇:5%(3ターン)	29999	245	>クリティカル攻撃を行った直後、ターン終了時までその攻撃対象の被ダメージ上昇:5%(3ターン)	40153	0	0	0	
40161	2倍迎撃	7002	0	>迎撃付与	100	1	200	0	
40162	[突属性2人]スキル発動率2倍	20401	250	[突属性2人]スキル発動率2倍	100	0	0	0	
40163	[自身]防御力上昇:25%(ターン経過で最大4回)	20101	29	[自身]防御力上昇:25%(ターン経過で最大4回)	25	100	0	0	
40164	[自身]【回避】率上昇:70%	1212	0	[自身]【回避】率上昇:70%	70	1	0	0	
40165	[自身]自身の防御力の50%を攻撃力に追加	17	0	[5人]自身の防御力の50%を攻撃力に追加	50	1	0	0	
40166	確率ガッツ(3回)	101	0	[自身]確率【ガッツ】:3回	0	1	1000	1	
40167	再行動率上昇変更：100%（上限解放）	21002	236	再行動率上昇変更：25%（上限解放）1ターン	25	0	0	0	
40169	>[5人]スキル発動率1.2倍(1ターン)	20401	236	>[5人]スキル発動率1.2倍(1ターン)	20	0	0	0	
40170	>[5人]スキル発動率1.5倍(1ターン)	20401	236	>[5人]スキル発動率1.5倍(1ターン)	50	0	0	0	
40171	[敵全体]命中率低下:30%	20703	243	>[敵全体]命中率低下:30%	30	0	0	0	
40172	[自身]再行動率上昇:100%(上限解放)	21002	29	>[自身]再行動率上昇:100%(上限解放)	100	100	0	0	
40173	防御力上昇:50%	20101	261	>[5人]防御力上昇:50%	50	50	0	0	
40174	攻撃力上昇:30%	20001	261	>[5人]攻撃力上昇:30%	30	30	0	0	
40175	クリティカル発動率上昇:50%(3ターン)	20301	238	>[5人]クリティカル率上昇:50%(3ターン)	50	0	0	0	
40176	防御力→攻撃力変換	20002	261	>[5人]防御力の25%を攻撃力に追加	25	0	0	0	
40177	クリティカルダメージ上昇:30%	20302	256	>[5人]クリティカルダメージ上昇:30%	30	0	0	0	
40178	被回復量上昇:50%	2401	0	>[5人]被回復量上昇:50%	50	100	0	0	
40179	[5人]連撃10%付与	20601	256	>[5人]連撃5%付与	5	1	0	0	
40180	[5人]特殊回避(2回)	20802	256	>[5人]特殊回避(1回)	2	0	0	0	
40181	[5人]毎ターン100%の確率で最大HPの10%回復する	1901	0	>[5人]毎ターン100%の確率で最大HPの10%回復する	10	5	100	0	
40182	防御力低下30%	20702	262	>[敵全体]防御力低下:30%(3ターン)	30	0	0	0	
40183	確定ガッツ(1回)	20104	260	[5人]確定【ガッツ】:1回	1	0	0	0	
40184	防御力→攻撃力変換	20002	260	>[5人]防御力の25%を攻撃力に追加	25	0	0	0	
40185	クリティカル発動率上昇:50%(実挙動別)	20301	257	>[5人]クリティカル率上昇:50%	50	0	0	0	
40186	攻撃属性追加:斬打突魔	20901	257	>攻撃属性追加:斬打突魔	1	0	0	0	
40187	攻撃属性追加:斬打突魔	20901	257	>攻撃属性追加:斬打突魔	2	0	0	0	
40188	攻撃属性追加:斬打突魔	20901	257	>攻撃属性追加:斬打突魔	3	0	0	0	
40189	攻撃属性追加:斬打突魔	20901	257	>攻撃属性追加:斬打突魔	4	0	0	0	
40190	[5人]スキルダメージ上昇:40%	20203	257	>[5人]スキルダメージ上昇:40%	40	0	0	0	
40191	[5人]弱点属性ダメージ上昇:50%	20204	257	>[5人]弱点属性ダメージ上昇:50%	50	0	0	0	
40192	ボスダメージ上昇：30%	20202	259	>[5人]ボスダメージ上昇：30%	30	0	0	0	
40193	与えるダメージ上昇：25%	20201	259	>[5人]与えるダメージ上昇：25%	25	0	0	0	
40194	[自身]スキルダメージ上昇:260%	20203	234	>[自身]スキルダメージ上昇:260%	260	0	0	0	
40195	[５人]再行動率上昇:50%(上限解放)	21002	258	>[５人]再行動率上昇:50%(上限解放)	50	50	0	0	
40196	自身がクリティカルを発動した次ターン中、自身の防御力+40%	20101	68	>	40	0	0	0	
40197	3回クリティカル攻撃を行うたびHP保護15%	20502	263	>3回クリ攻撃のたびHP保護	15	0	0	0	
40198	[3人]【攻撃属性追加】:魔	1205	0	[3人]【攻撃属性追加】:魔	4	3	0	0	
40199	クリティカル攻撃後その対象に被ダメージ上昇	20706	268	>クリティカル攻撃後その対象に被ダメージ上昇	2000	0	0	0	
40200	自身の与えるダメージ+{(現在HP/最大HP)/10}%	1402	0		10	0	0	0	
40201	[5人]全体【追撃】10%	5002	0	>[5人]全体【追撃】10%	10	5	0	0	
40202	[5人][ボス戦闘時]攻撃力上昇:30%	701	0		30	5	500	1	
40203	[5人]【ボスダメージ】上昇:25%	3	0	>[5人]全体【追撃】10%	25	5	300	200	
40204	[5人]攻撃力上昇:20%	1	0	>[5人]攻撃力上昇:20%	20	5	0	0	
40205	[自身]【連撃】20%	20601	29	>[自身]【連撃】20%	20	1	0	0	
40206	自身がスキルを発動した次ターン中、[5人]【クリティカル】率上昇:40%	20301	274	自身がスキルを発動した次ターン中、[5人]【クリティカル】率上昇:40%	40	0	0	0	
40207	自身が攻撃を3回行った次のターン中、[5人]【クリティカル】ダメージ上昇:65%	20302	275	自身が攻撃を3回行った次のターン中、[5人]【クリティカル】ダメージ上昇:65%	65	0	0	0	
40208	敵全体の攻撃力低下30%	20701	226		30	0	0	0	
40209	敵全体の攻撃力低下25%	20701	213	>1ターン目、敵全体の攻撃力を25%低下させる　※他アビリティとの組み合わせで敵の攻撃力は最大70%まで低下可能	40	0	0	0	
40210	[敵全体]自身のHPが80％以下のとき【攻撃力低下】:30%	20701	282	>[敵全体]自身のHPが80％以下のとき【攻撃力低下】:30%	30	0	0	0	
40211	[敵全体]自身のHPが50％以下のとき【防御力低下】:30%	20702	283	>[敵全体]自身のHPが50％以下のとき【防御力低下】:30%	30	0	0	0	
40212	[敵全体]自身のHPが30％以下のとき【命中率低下】:50%	20703	284	>[敵全体]自身のHPが30％以下のとき【命中率低下】:50%	50	0	0	0	
40213	[5人]攻撃力上昇:10%	1	0	>[5人]攻撃力上昇:10%	10	5	0	0	
40214	[敵全体]【攻撃力低下】:10%	1801	0	>[敵全体]【攻撃力低下】:10%	10	3	0	0	
40215	[5人]防御力上昇:80%、【防御時軽減率】上昇:6%	101	0	>[5人]防御力上昇:80%、【防御時軽減率】上昇:6%	80	1	600	0	
40216	[自身]自身の防御力の50%を攻撃力に追加	17	0	>[5人]自身の防御力の50%を攻撃力に追加	50	1	0	0	
40217	"(自身)[召喚中]防御発動力上昇10% 軽減率10%"	2301	0	戦闘中、自身の防御発動率が5%上昇し、防御時のダメージ軽減率が10%上昇する	1000	0	1000	0	
40218	[自身][召喚中]ダメージ無効化(2回)	1204	0	>[自身][召喚中]ダメージ無効化(2回)	2	1	0	0	
40219	[自身][召喚中]防御力上昇75%(ターン経過で最大150%)	20101	290	>[自身][召喚中]防御力上昇100%(ターン経過で最大300%)	75	150	0	0	
40220	挑発	2101	0	>挑発	0	1	100	0	
40221	[5人]1回ダメージ【無効化】	1204	0	>[5人]1回ダメージ【無効化】	1	5	0	0	
40222	確率ガッツ(3回)	101	0	[自身]確率【ガッツ】:3回	0	1	1000	1	
40223	[5人]クリティカル率低下:100%以降低下	1805	0	[5人]クリティカル発動率低下:100%	100	5	1	0	
40224	[自身]最大HPの200％までHPを維持可能	2401	0	[自身]最大HPの200％までHPを維持可能	0	0	100	0	
40225	自身のスキルダメージ上昇70%	20203	274	自身のスキルダメージが70%上昇	70	0	0	0	
40226	現在HPを最大HPの15%回復する	20501	274	現在HPを最大HPの15%回復する	15	0	0	0	
40227	"自身が回避に成功した直後、HPの10％ を回復"	20501	240	>自身が回避に成功した直後、HPの10％を回復	10	0	0	0	
40228	"迎撃6倍 "	7002	0	">迎撃6倍 "	100	1	500	0	
40229	[5人]PT移動力の300%を攻撃力に追加	10	0	[5人]PT移動力の300%を攻撃力に追加	300	5	0	0	
40230	[3人]【攻撃属性追加】:斬	20901	322	>[3人]【攻撃属性追加】:斬	1	0	0	0	
40231	[3人]【攻撃属性追加】:打	20901	322	>[3人]【攻撃属性追加】:打	2	0	0	0	
40232	[3人]【攻撃属性追加】:突	20901	322	>[3人]【攻撃属性追加】:突	3	0	0	0	
40233	[3人]【攻撃属性追加】:魔	20901	322	>[3人]【攻撃属性追加】:魔	4	0	0	0	
