1	1000000	歌声は風に乗って	うたごえはかぜにのって	6	1	normal	135	90	45	25	36	10	るるる　ららら<br>箒のリズムに、歌声が乗る。<br>小さく淡く、けれど確かな、希望の歌。<br>面と向かって歌うのは、<br>まだちょっとだけ恥ずかしいけど、<br>いつか貴方にこの歌が、この歌の意味が届きますように。	
2	1000001	その足元にご用心？	そのあしもとにごようじん	6	2	normal	120	90	66	25	18	10	いらっしゃいませ、美味しいよ☆<br>煮てよし、焼いてよし、生はちょっと危険かも？<br>キノコ祭りは大盛況、出張レストランも絶好調。<br>そんな空気と美味しいキノコに浮き足立って、<br>ああ、彼女は忘れてしまっていたのです。<br>不幸を引き寄せてしまう、哀しい己の体質を……。	
3	1000002	はにかみ屋の勇気	はにかみやのゆうき	6	3	normal	131	90	42	25	39	10	あなたと二人、素敵なカフェへ。<br>内気で弱気で、目も合わせられなかったりするけれど、<br>前髪をちょっと避けたその先に、<br>あなたの優しいまなざしが見えたから。<br>今日はほんのちょっとだけ、<br>大胆な事をしてみたいのです。	
4	1000003	貴方だけのパティシエール	あなただけのぱてぃしえーる	6	4	normal	105	90	72	25	17	10	にぎやかな声と、甘い甘いお菓子の香り。<br>お菓子作りに必要なのは、正確さと繊細さ。<br>そして一番大事なのは、大好きな人への一途な気持ち。<br>あなたの「おいしい」が聞きたいから、<br>今日もパティシエールは腕を振るうのです。	
5	1000004	口惜しさと優しさ	くちおしさとやさしさ	6	5	early	120	90	66	25	18	10	たとえ今は未熟で、生傷が絶えなくても。<br>抑えきれない悔しさに、棘を出してしまっても。<br>降りそそぐ優しさに、すぐには気づけなくても……。<br>何時の日か、君は必ず強くなる。<br>大輪の花が咲く日は、きっと遠くない。	
6	1000005	晴れの装い	はれのよそおい	6	6	early	131	90	66	24	15	10	普段自分に無頓着な君に、特別な装いを。<br>綺麗な服で一緒に歩いて、手を合わせて願いを込めて。<br>その後は、二人でお茶でもしたりして。<br>今を生きる幸せを、少しでも感じてくれたら嬉しいな。<br>君ありて幸福、これからも、ずっと。	
7	1000006	愛の教育者	あいのきょういくしゃ	6	7	normal	173	90	42	25	27	10	"力は己で制し、従えるもの。 <br>それを目で、肌で、しっかり学んでほしいのです。 <br>この世界に愛されたあなたが、 <br>この世界を愛せるように。 <br>運命を嘆かず、力を厭わず、 <br>いつか、大切な人と巡り合えるように。"	
8	1000007	おともだち談義	おともだちだんぎ	6	8	normal	90	90	63	25	30	10	わたしのこの子は、とっても大事な子なんだよ。<br>嬉しいときも、悲しいときも、<br>ずっと一緒にいてくれた。<br>きみのその子は、どんな子なの？<br>わたしのこの子と、仲良くしてくれるかな？<br>教えて教えて、きみの大事なお友達のこと。	
9	1000008	偶然の雨宿り	ぐうぜんのあまやどり	6	9	normal	101	90	72	25	18	10	不意の雨には打つ手がなくて、傘を持たずに大慌て。<br>逃げ込む先はカフェの軒先。<br>傘持つ仲間を待つ間、周囲を見れば知った顔。<br>怪盗、探偵、そろい踏み。<br>つまり、これも一種の事件現場なのだ。	
10	1000009	パジャマDeパーティー	ぱじゃまでぱーてぃ	6	10	normal	98	90	72	25	20	10	たまの休日、優雅な時間。<br>お気に入りの部屋と、お気に入りのパジャマ。<br>読みかけの本、大好きなぬいぐるみ、<br>香り高いお茶と、美味しいおやつ！<br>みんなのお気に入りを持ち寄って、<br>素敵な時間を過ごしましょ？	
11	1000010	咲き誇る花の騎士たち	さきほこるはなのきしたち	6	11	late	135	90	66	25	15	10	花の世界スプリングガーデン。<br>害虫たちとの争いが続くこの世界を守るのは、<br>世界花の加護を受けた華麗なる花騎士達。<br>咲き誇る少女たちと世界を救うため、<br>今、一人の騎士団長が立ち上がる……！	
12	1000011	雪の降る休日に	ゆきのふるきゅうじつに	6	12	normal	90	90	75	25	18	10	窓の外は一面の雪景色、<br>部屋の中は、色鮮やかな春の園。<br>カーディガンを羽織って、ソファに座って、<br>親友と二人でじゃれあって。<br>ゆっくりと時間は過ぎていく。	
13	1000012	花見心地	はなみごこち	6	13	normal	173	90	42	25	27	10	ゆっくり花を愛でてみたり、<br>酒池肉林に酔いしれてみたり、<br>花見の楽しみ方は人それぞれ。<br>スリルを追求するのもいいけれど、<br>今は少しだけ、おやすみしない？<br>みんなでのんびり、春を味わいながら。	
14	1000068	森と橋と挟撃と	もりとはしときょうげきと	6	14	normal	120	90	60	25	24	10	"橋の下奇襲作戦を成功させた花騎士たち。<br>次なる一手、挟撃作戦が決行されるも……。<br>「もふもふしちゃダメにゃ！<br>　 時と場合をわきまえるのにゃ！」<br>「わきまえてるよっ。 <br>　アタシに力をちょうだい、エノコログサ！」<br>「や　め　る　の　に　ゃ　ぁ　ぁ　ぁ　あ　！」<br>「――だ、大丈夫なのかな、この部隊……！」"	
15	1000014	星空の座談会	ほしぞらのざだんかい	6	15	normal	113	90	69	25	18	10	こんなに星が綺麗な夜は、<br>みんなで集まっておしゃべりしよう。<br>温かい飲み物に、そっと息を吹きかけて。<br>他愛もないおしゃべりに、くすくす笑いを忍ばせて。<br>暗く冷たい冬の夜も、みんながいればあたたかい。	
16	1000013	真夏の彩り	まなつのいろどり	5	16	normal	60	70	33	16	9	6	暑い日差しに負けないように、<br>涼やかな浴衣でお出かけしましょう。<br>そこ、慌てて転んだりしないように！<br>そっち、イタズラを企んだりしないように！<br>輝く夏に魅せられて、乙女心も浮足立ちます。	
17	1000016	春眠、暁を覚える	しゅんみんあかつきをおぼえる	5	17	normal	53	70	35	16	10	6	春の陽気と花模様、花見の席で夢心地。<br>鳥の鳴き声、乾杯の音、楽しそうな笑い声。<br>寝て見る夢より今の夢、起きた今こそ夢心地。<br>おにぎり、お弁当、美味しい料理。<br>花も団子も満載で、寝ている暇などないのです。	
18	1000017	雨降りの午後	あめふりのごご	5	18	normal	68	70	32	16	9	6	ぽつぽつ、ぽつり、雨の音。<br>ぱしゃぱしゃ、ぱしゃり、水の音。<br>きらめく雨粒に魅せられて、<br>もう少しだけ、こうしていたい。<br>これもひとつの、幸せなのカモ。	
19	1000018	乙女心と猫と空	おとめごころとねことそら	5	19	normal	46	70	36	16	12	6	お酒を温めたかったけれど、火を使うのも手間すぎる。<br>真っ赤な紅葉を炎に見立て、気分だけでも燗酒に。<br>椅子の上の洗濯物を払いのけ、腰を下ろして秋を楽しむ。<br>猫のお客を共にして、景色を肴にのんびり乾杯。<br>呑兵衛ガールの秋は、ゆっくりと過ぎていく。	
20	1000019	桃色と水色の花吹雪	ももいろとみずいろのはなふぶき	5	20	normal	45	70	32	15	15	6	風が吹き、花びらが舞い散る。<br>その中で、ひときわ鮮やかな花二つ。<br>二人が見つめるその先には、<br>一体だれがいるのだろうか？	
21	1000020	粉雪の舞う街角	こなゆきのまうまちかど	5	21	normal	53	70	36	15	9	6	街角に少しだけ雪が降る。<br>寒さに備えて、マフラーを準備する。<br>積もるかどうかわからないけど、<br>ほんの少しだけ心が弾む。<br>あの人の住む街にも、この雪は降るのかな？	
22	1000021	星を掴む者たち	ほしをつかむものたち	5	22	normal	38	70	38	15	12	6	夜空に輝く、いくつもの星々。<br>同じように、この世界にはいくつもの<br>輝く星が眠っているに違いない。<br>見つけよう、たくさんの星々を。<br>そして、この手に掴んでみせよう。	
23	1000022	渚の誘惑	なぎさのゆうわく	5	23	normal	83	70	30	15	6	6	抜けるような青空、空よりも青い海！<br>みんなで水着に着替えて、一斉に飛び込もう！<br>早く来ないと置いてっちゃうよ？<br><br>夏は、もう始まってるんだから。	
24	1000023	純白のシーツのように	じゅんぱくのしーつのように	5	24	early	53	70	35	15	10	6	お日様さんさんいい天気。<br>洗濯物も、綺麗に真っ白♪<br>掃除洗濯はおまかせあれ。<br>この真っ白なシーツのように、<br>未来の旦那様は、献身的にお世話します！	
25	1000024	秋の一人旅	あきのひとりたび	5	25	normal	87	70	21	15	14	6	"たまの休暇の一人旅、真っ赤に染まる谷の木々。<br>愛する国の姿を見て回ろうと思ったら、 <br>こんなきれいな景色を見つけてしまうなんて。 <br>ええ、これもまた、勝利と言えるでしょう。"	
26	1000025	世界に愛されたお姫様	せかいにあいされたおひめさま	5	26	early	66	70	24	15	17	6	雪原を越えた森に、不思議なお屋敷がありました。<br>そこに閉じ込められていた美しいお姫様は、<br>いつしか不思議な力を使いこなし、<br>仲間と共に広い世界へ飛び出していきました。<br>本当の物語は、ここから始まるのです。	
27	1000026	雪原の世界花	せつげんのせかいばな	5	27	late	57	70	36	15	8	6	雪原の世界花ウィンターローズを中心とした、<br>厳しい寒さと雪に閉ざされた常冬の国。<br>過酷な環境と凶悪な害虫の跋扈する国を守る<br>花騎士はいずれも精強である。<br>その幻想的な銀世界には、<br>未だ知られていない遺跡や洞窟も数多く存在する。	
28	1000027	常夏の世界花	とこなつのせかいばな	5	28	late	53	70	35	15	10	6	常夏の世界花バナナオーシャンを中心とした、<br>人々が開放的に暮らす南の国。<br>隣接したコダイバナからの害虫被害も多く、<br>実は過酷な環境でもあるが、<br>その現実を賑やかな“祭り”で受け止め日々を生きる。<br>その陽気な国柄は、千年前から変わっていない。	
29	1000028	知徳の世界花	ちとくのせかいばな	5	29	late	60	70	36	15	7	6	知徳の世界花ブロッサムヒルを中心とした、<br>色鮮やかな花が咲き乱れる常春の国。<br>温暖な気候で食料も豊かであり、他国との交易も多い。<br>最初の花騎士とされるフォスが現れた地であり、<br>騎士学校も多く、花騎士の養成に熱心である。<br>彼女の影響は今も強く、世界で最も花騎士の層が厚い。	
30	1000029	風谷の世界花	かぜたにのせかいばな	5	30	late	45	70	38	15	10	6	風谷の世界花ベルガモットバレーを中心とした、<br>険しい山と深い谷に囲まれた国。<br>複雑な地形のため国内移動が困難であること、<br>また王室が「個々人の才能の活躍」を<br>古くより奨励していることから、<br>各地域に自主自立した気風が強く見受けられる。	
31	1000030	深い森の世界花	ふかいもりのせかいばな	5	31	late	83	70	27	15	9	6	深い森の世界花リリィウッドを中心とした、<br>その名の通り、豊かな森に覆われた国。<br>伝統と格式を重んじる風潮が大多数だが、<br>新しい風を巻き起こそうとする世代も現れ始めている。<br>世界で最も自然との調和、共生を目指しており、<br>精霊をはじめとした超常的存在の目撃報告も多い。	
32	1000031	湖畔の世界花・水上	こはんのせかいばなすいじょう	5	32	late	90	70	26	15	8	6	湖畔の世界花ロータスレイクを中心とした、<br>国土のほとんどが湖に覆われた国。<br>大昔に起きた「やまない雨」による影響で、<br>今はいくつもの巨大な蓮の葉の上に生活圏を築いている。<br>長らく他国との交流を断ち国を閉ざしていたが、<br>水棲害虫の活発化に伴い、国を開くこととなった。	
33	1000032	湖畔の世界花・水中	こはんのせかいばなすいちゅう	5	33	late	94	70	23	15	10	6	湖畔の世界花ロータスレイクの力により、<br>水中でも生活が可能となった国。<br>伝説に語られる「眠り姫」のおかげで<br>この水中都市が生まれたと云われており、<br>今でも世界有数の安全な国として知られている。<br>民衆の信仰は厚く、踊り子や司聖官の布教活動も盛ん。	
34	1000033	フェリアの花園	ふぇりあのはなぞの	5	34	late	87	70	24	15	11	6	ブロッサムヒルに存在する広大な花園。<br>千年前、ここはただの丘陵地だったが、<br>害虫の登場とその被害に心を痛めた賢人フォスが、<br>ここに死者を埋葬し弔うことにした。<br>この地に住居を構えていた魔女フェリアは、<br>フォスの計画を嫌がったものの、<br>根気強い説得についに折れ、その地を守ると約束する。<br>ただの墓場では寂しいだろうという意見の一致から、<br>巫女でもあるフォスと魔女フェリアは協力し、<br>魔法によって美しい花園に変えたという。	
35	1000034	リリィウッド元老院	りりぃうっどげんろういん	5	35	normal	60	70	30	15	12	6	主に貴族で構成される高位政治機関。<br>花騎士が登場するよりも古くから国を支え続け、<br>膨大な前例と規則によって慎重な判断を行なう。<br>そのため意思決定には長い時間がかかり、<br>前例を覆すことや、前例のない施策には消極的である。<br>近年ではそういった体制を改革する動きもあり、<br>議員に花騎士が増え始めたのもその一端といえよう。	
36	1000035	霊峰	れいほう	5	36	normal	64	70	24	15	17	6	ウィンターローズ・ブロッサムヒル両国の<br>境界に位置する山脈。<br>精霊の加護が厚い霊場であり、<br>その過酷な環境と魔力の豊かさで、<br>古来より修行の場として名高い。<br>ここで精進すると「霊峰のお告げ」が聞けるという<br>噂もあるが、真偽の程は定かでない。	
37	1000036	リゾート都市プラタノ	りぞーととしぷらたの	5	37	normal	94	70	18	15	14	6	バナナオーシャンの高級リゾート地。<br>観光スポットであるラカタンビーチなどに比べ、<br>静かで穏やかな時間を過ごせる。<br>水上コテージから眺める夕日は絶景の一言。<br>ちなみに海の家なずな二号店があり、<br>高級リゾート地だけに、ラカタンビーチの一号店よりも、<br>高級メニューが揃っているようだ。	
38	1000037	海の家　クール・デ・ラメール	うみのいえくーるでらめーる	5	38	normal	98	70	18	15	13	6	ロータスレイク北部、クール海岸に立つ海の家。<br>世界花から遠いため害虫の出現は少なくないが、<br>海の家を経営する人々の努力と情熱、<br>そして海を楽しみたい人々の強い気持ちにより、<br>夏場のレジャースポットとして繁盛している。	
39	1000038	水中遺跡	すいちゅういせき	5	39	normal	56	70	33	15	11	6	ロータスレイク北西の湖底に眠る古代遺跡。<br>かつては魔法の聖地として繁栄していたが、<br>大昔に起きた「やまない雨」によって水没した。<br>魔法仕掛けの罠は今でも機能するものが多く<br>探索・探検は困難を極めるが、<br>それに見合うだけの遺産があると推測されている。	
40	1000039	桃源郷	とうげんきょう	5	40	late	68	70	21	16	19	6	どの国家にも属さずに独立した歓楽街。<br>わけあって表の世界を歩けなくなった者が多く、<br>そういった人々が強く美しく、<br>時には誰かに甘えながら生きていける場所として、<br>一人の女将が中心となり広がっていった。<br>街を彩る華やかな花魁のほか、<br>花騎士以外も所属する自警団等が存在する。	
41	1000040	あふれる夢の雫	あふれるゆめのしずく	4	41	late	24	50	17	5	5	2	それは「華霊石」と呼ばれる、世界花の輝きの結晶。<br>石と呼ばれるが、それは世界花から生まれるものだ。<br>そこに込められた魔法は、時に人の活力を増し、<br>奇跡すら起こすと言われている。	
42	1000041	クジラが空を泳いだ日	くじらがそらをおよいだひ	4	42	normal	33	50	14	5	4	2	"古代の魔女が集めた、人々の他愛ない夢想とラクガキ。 <br>いつかの発明家が書き足した補足と希望。 <br>いつしかそれは人の目に触れ、一つの形を作り出す。 <br><br>夢はいつしかクジラとなって、青い空へと泳ぎ出す。"	
43	1000042	ナズナバルーン	なずなばるーん	4	43	normal	21	50	17	5	6	2	＼ででーん！／<br>と現れた存在感抜群のバルーン。<br>何かイベントがあるたびに出現し、<br>人々をなんとも言えない表情でいつも見守っている。	
44	1000043	花騎士たちへの贈り物	はなきしたちへのおくりもの	4	44	normal	22	50	14	5	8	2	あれにしようか、これにしようか……。<br><br>いつも悩む、花騎士たちへの贈り物。<br>どういうものなら喜んでくれるだろう？<br>乙女心の解析は、どんな任務より難しい。	
45	1000044	スワンボート	すわんぼーと	4	45	late	23	50	18	5	4	2	"あーっ、困ります困ります、改造しないでください！ <br>上に載らないでください、武器を搭載してはいけません、 <br>スワンボートの首につかまらないでください！ <br>あーっ、危ない、危ない、あーっ！？"	
46	1000045	光水晶の楔	ひかりすいしょうのくさび	4	46	late	21	50	18	5	5	2	その楔は、世界花より力を注がれ、<br>悪しきモノどもを封じ込める力の具現。<br>燦然と輝く十字架の前では<br>古の魔物さえ頭を垂れるだろう――。	
47	1000046	執務室の甲冑	しつむしつのかっちゅう	4	47	late	24	50	18	5	4	2	"これでも結構貴重な、男性用の甲冑なんです。 <br>今まで、誰かが中に隠れたり、小動物が入り込んだり、 <br>物置にされたりしています。 <br>いつか団長に着用される日は来るのでしょうか？"	
48	1000047	驚天カラクリ城	ぎょうてんからくりじょう	4	48	late	18	50	19	5	5	2	宵闇に響く奇妙な音、月光遮る夜の怪物。<br>刮目せよ！　あれこそは対害虫兵器、<br>人々を守る防衛拠点カラクリ城！<br><br>……傾斜の厳しい斜面を下りられなかったため、<br>なかったことにされた、ある意味悲劇の城である……。	
49	1000048	虹色の植木鉢	にじいろのうえきばち	4	49	normal	33	50	9	5	9	2	人に世界花の加護が宿る時、<br>色とりどりの植木鉢を幻視することがあるという。<br>人によって色が違うとか、天分によって変わるとか、<br>諸説はあるが、誰もが知っていることがある。<br>惜しみなく愛を注げば、すべての花騎士は<br>華麗に咲き誇ることが出来るのだと。	
50	1000049	水上競技会と女王バルーン	すいじょうきょうぎかいとじょうおうばるーん	4	50	normal	33	50	15	5	3	2	二人のプライドをかけた水上の競技会！<br>障害物競泳、スワンボートレース、<br>果ては水上相撲まで、<br>なんでもアリの真剣バトル！！<br>笑いあり、涙あり、白熱した競技会の結末は……！？	
51	1000050	進化の竜	しんかのりゅう	4	51	normal	18	50	15	5	8	2	その竜たちは、力を高めた花騎士に<br>新しい力を与えると言い伝えられる。<br>どこに棲むのか、どのような生態なのか。<br>知られていないことだらけだが、<br>案外むこうも、こっちに興味津々かも？	
52	1000051	アンプルゥのかくれんぼ	あんぷるぅのかくれんぼ	4	52	normal	27	50	17	5	4	2	どこに隠れているのかな？<br>海の中、陸の果て、空の向こう……。<br>案外、庭の草むらかもしれない。<br>これでもれっきとした霊獣なんです。<br>見つけられたら、ちょっとラッキー！	
53	1000052	旅するマニュ	たびするまにゅ	4	53	normal	39	50	12	5	4	2	花騎士に力を与える精霊マニュ。<br>一説によれば、大地の下にはマニュの村があり、<br>マニュ達はそこから地上に遊びに来るという。<br>力を与えるべき相手を探すため……のはずだが、<br>案外、旅を楽しんでいるだけなのかも？	
54	1000053	光の華	ひかりのはな	4	54	early	21	50	18	5	5	2	鮮やかな光の中で、その日、君は花になる。<br>流れる音楽、沸き上がる歓声、<br>過去から未来へと歩き出す、新しい第一歩。<br>そこは、選ばれた姫君達のステージ。	
55	1000054	木陰のお茶会	こかげのおちゃかい	4	55	early	18	50	17	5	7	2	「わぁ……ケーキもお茶も、すごくおいしいです」<br>「ふふ。気に入ってもらえたようで嬉しいわ。<br>　貴方さえ良ければ、またお呼びしたいのだけど」<br>「ウチはかまいませんが……いいのでしょうか？」<br>「いいのよ、遠慮なんかしなくって。<br>　貴方のことが気になって、私が呼んだんだから」<br>「それに、貴方のお話、なかなかに興味深いもの。<br>　もっと色々と聞いてみたいわ」<br>「あ……きょ、恐縮です……。<br>　ウチもエーデルワイスさんとお喋りできて、<br>　その、楽しいです……」<br>「あら、ありがとう。<br>　またひとつ、素敵な想い出ができた気分だわ。ふふ」	
56	1000055	星明りの縁日	ほしあかりのえんにち	4	56	early	15	50	20	5	5	2	"提灯の灯りに、出店の灯り、 <br>きらきらまたたく星明り。 <br>縁日、綿菓子、りんご飴、 <br>キミと二人で遊びつくそう。 <br>……一人占めするには、もったいなさすぎるから。"	
57	1000056	日なたの午後	ひなたのごご	4	57	early	11	50	23	5	4	2	のんびりゆったり家の中。<br>陽光差し込む窓のそば。<br>ふかふか絨毯、ごろりと寝ころび、<br>パンが焼けるのを待っている。<br>あれ、ここは極楽かにゃ……？	
58	1000057	ずっとずっとたからもの	ずっとずっとたからもの	4	58	early	15	50	15	6	9	2	"楽しい時間で世界を救う、なんて、 <br>うまい話があってもいい。 <br>憧れていたシチュエーション、みたいな、 <br>素敵な未来を手に入れたい。 <br>二人なら、きっとかなうはず。"	
59	1000058	旅は道連れ世はお金	たびはみちずれよはおかね	4	59	late	12	50	21	5	5	2	"それはとある旅の途中。 <br>路銀が尽きて立ち往生した一行が <br>ウィンターローズで始めたのはメイド喫茶のお手伝い。 <br>最高のメイドになるために！ <br>……ではなく、ブロッサムヒルへ帰るために、 <br>奉ぜよフラワーメイドガール！"	
60	1000059	～巻き込まれた少女～	まきこまれたしょうじょ	4	60	normal	27	50	12	5	8	2	"物語のような冒険、ロマンティックな恋。 <br>本で読むだけで、憧れているだけで、 <br>そんなことは起きないと思っていた。 <br><br>それでも、全てを巻き込む嵐のように、 <br>運命は動き始める。"	
61	1000060	移動力UP	いどうりょくあっぷ	3	61	normal	10	0	5	0	2	0	分身の術が使えたら、<br>今よりもっと速く走れるカモ！？	
62	1000061	移動力DOWN	いどうりょくだうん	3	62	normal	10	0	5	0	2	0	ゆっくりするのも大事だし、<br>たまにはのんびり歩こうよ～。	
63	1000062	回復ブースト	かいふくぶーすと	3	63	normal	10	0	5	0	2	0	備えあれば憂いなし！<br>いつも元気120％でいてくださいね♪	
64	1000063	1ターン攻撃UP	いちたーんこうげきあっぷ	3	64	normal	10	0	5	0	2	0	いざ、雄叫びをあげるきぃ～！<br>最初の一撃に、パワーを込めるきぃ！！	
65	1000064	クリティカルUP	くりてぃかるあっぷ	3	65	normal	10	0	5	0	2	0	"付け焼刃の投げキッスだって、 <br>致命的なほど、効果はてきめんでした。"	
66	1000065	弱点ダメージUP	じゃくてんだめーじあっぷ	3	66	normal	10	0	5	0	2	0	わ”あ”あ”ぁ”ぁ”ァ”あ”あ”あ”あ”あ！<br>弱点を突くとは卑怯ですぱ！！	
67	1000066	防御発動UP	ぼうぎょはつどうあっぷ	3	67	normal	10	0	5	0	2	0	"あぶないでしゅ！ <br>ここはがっちりガードでしゅ～！！"	
68	1000067	挑発	ちょうはつ	3	68	normal	10	0	5	0	2	0	"奴は私が育てた！！ <br>……あれ、なんでこっち睨んでるの？"	
69	1000069	睡蓮のまどろみ	すいれんのまどろみ	6	69	normal	180	90	42	25	24	10	水底に夜が訪れて、小さな灯りが机上を照らす。<br>真面目で健気なお姫様、今日も夜までお勉強。<br>いつか来る未来のために、無理をするのもまた自由。<br>だけど、このまま寝ては風邪をひいてしまいます。<br>一人微笑み、メイドは祈る。<br>その努力が、いつかあなたの翼となりますように。	
70	1000070	花騎士４コマ劇場	はなきしよんこまげきじょう	5	70	normal	83	70	18	15	18	6	「皆さん、準備はいいですか？」<br>「は～い、いつでも大丈夫ですよ～♪」<br>「いざ、運命の出会いを求めて……」<br>「遅れたりしたら、承知しないんだからね！」<br>「この旅は、断じて予測不可能……です？」<br>それはいつかの時代、どこかの世界の出来事。<br>可愛らしい花騎士たちの物語、はじまりはじまり――。	
71	1000071	ダメになる時間	だめになるじかん	6	71	normal	105	90	75	25	14	10	日差しの差し込むベッドにて、不機嫌そうな女の子。<br>かけがえのない、素直に心を開ける相手との時間は、<br>ついつい甘えてしまいがち。<br>膝枕をされながら日々の辛さを吐き出すと、<br>優しい声が耳を癒し、温かい手が頬を撫でる。<br>……ああ、これでまた頑張れる。	
72	1000072	花騎士の私室	はなきしのししつ	5	72	normal	94	70	20	15	13	6	世界花の加護を受け害虫と戦う花騎士は、<br>十分な報酬、待遇を受けている。<br>駐屯地に用意された私室も、<br>騎士学校時代のような相部屋ではなく、<br>きちんとした個室が与えられることがほとんどだ。<br>必要な家具は支給されるが、私物を持ち込む花騎士も多く、<br>中には本やぬいぐるみで部屋が埋まっているものもいる。<br>日中、過酷な討伐任務で疲れた花騎士たちが<br>ぐっすりと眠って休息する、癒やしの空間である。	
73	1000073	水族艦赤のマンタ艇	すいぞくかんあかのまんたてい	5	73	early	45	70	36	15	11	6	ただ一隻、悠然と空を泳ぐクジラ。<br>その随伴艇として飛ぶ、色とりどりのマンタたち。<br>盾となり、剣となり、いずれ大きな群れとなる。<br><br>孤独に戦うクジラの周囲は、<br>こうして賑やかになってゆく。	
74	1000074	恋の手ほどき	こいのてほどき	6	74	normal	150	90	69	25	6	10	お風呂上がりの長い髪、放置してたら大惨事。<br>しっかり乾かし、整えて、三人官女もご満悦。<br>慕ってくれる可愛い従姉妹はいつかきっと、<br>手ごわいライバルになるだろう。<br>……強くなれ、恋も戦いも。	
75	1000075	舞踏会から飛び出して？	ぶとうかいからとびだして	6	75	normal	165	90	38	25	33	10	童話のお姫様を真似ても、そう上手くはいかなくて。<br>苦笑いして見回せば、靴が見事に消えていた。<br>靴を探して階段降りて、周囲を見渡すその時に、<br>先ほどまで馬だったはずのリスは、高らかに告げた。<br>「そこで出て行けば完璧なのだよ！」	
76	1000076	血よりも濃い絆？	ちよりもこいきづな	6	76	normal	195	90	42	25	20	10	おおおお待ちくださいませ！<br>確かに私コリウスちゃんは、主である<br>シュウメイギク様を母親の如く慕っている、<br>と言うのは確かですが……<br>今になって抱っこは勘弁でございます！<br>ガジュマル、笑ってないで何とかしてください！	
77	1000077	一緒に帰ろう	いっしょにかえろう	6	77	normal	180	90	33	25	33	10	自分でもわからない、この気持ち。<br>恨み、憎しみ、それだけで生きてきたのに、<br>どうしてこうなってしまったのか。<br>何が正しいの？　何が間違っているの？<br>だから、それがわかるまで。<br>……この気持ちに、答えを出さないで。	
78	1000078	水族艦青のマンタ艇	すいぞくかんあおのまんたてい	5	78	early	90	70	27	15	6	6	ただ一隻、悠然と空を泳ぐクジラ。<br>その随伴艇として飛ぶ、色とりどりのマンタたち。<br>盾となり、剣となり、いずれ大きな群れとなる。<br><br>空に潜むは、青いマンタ。<br>クジラを守り、敵を討ち砕く。	
79	1000082	それいけ大脱走！	それいけだいだっそう	6	79	normal	150	90	39	25	36	10	書類、増える書類、たくさんの書類。<br>具体的には、溜めに溜め込んだ未記入の報告書。<br>自由を求める心の叫びに、大量の白紙は舞い踊り、<br>迫りくる追手を縛り上げ、窓を開けたら大脱走！<br>そう、ままならねぇ現実からの逃避行ってやつです。<br>……あとでこっぴどく叱られましたけど。	
80	1000079	ささやかな悩みごと	ささやかななやみごと	5	80	ex_early	83	70	24	15	12	6	奥ゆかしい少女の朝は、身支度から始まる。<br>控えめな心に、ちっとも控えめではない身体。<br>姿見を眺め、身なりを整え、そっと小さなため息一つ。<br><br>……ああ、この胸がもっとささやかであったなら。	
81	1000084	不思議の世界でお茶会を	ふしぎのせかいでおちゃかいを	5	81	ex_early	90	70	17	15	17	6	リリィウッドのとある木陰。<br>仲良しの花騎士達は、いつものように<br>お茶会の準備をしていました……けれど、<br>ひょんなことから見知らぬ空間に迷い込んでしまい、<br>不思議な精霊たちに、あることをお願いされます。<br>果たして一行はお願いを果たし、<br>元の場所へと帰れるのでしょうか……？	
82	1000080	誰かが好きだったパンの味	だれかがすきだったぱんのあじ	6	82	normal	135	90	26	25	54	10	時は過ぎゆき、人も街並みも少しずつ入れ替わっていく。<br>歌も言葉も、心も花も、ゆっくりと変わり続けていく。<br>……それでも、変わらないものがあるのだと<br>知っているからこそ、彼女は今日もパンを焼く。<br>素朴でどこか懐かしい、少し硬めのパンを。<br>「ほれ、たーんとお食べ」	
83	1000083	青き海の茶会	あおきうみのちゃかい	6	83	normal	108	90	74	25	15	10	風花の香る渓谷を離れ、訪れた常夏の青い海。<br>柔らかな木漏れ日ではなく、照り付ける陽光の下、<br>友と二人、品格漂う茶会を催す。<br>時には仕事を忘れ、生きることを楽しもう。<br>それもまた、他者への範となるのだから。	
84	1000088	水族艦黄のマンタ艇	すいぞくかんきのまんたてい	5	84	early	68	70	33	15	8	6	ただ一隻、悠然と空を泳ぐクジラ。<br>その随伴艇として飛ぶ、色とりどりのマンタたち。<br>盾となり、剣となり、いずれ大きな群れとなる。<br><br>来光の如く煌く、黄色のマンタ。<br>放たれた矢のように、敵を貫く。	
85	1000081	巣ごもりの星	すごもりのほし	6	85	normal	186	90	30	25	35	10	散らかってなんかいませんよ？<br>適切な場所に、適度な配置。<br>華麗にピカッと引き篭もり！<br>お気に入りの本、お布団、ぬいぐるみ。<br>……それに、団長さんまで居てくれるんですから。<br>よければ、いっしょにゴロゴロしませんか？	
86	1000086	変化の記憶	へんかのきおく	6	86	early	156	90	41	25	33	10	変わりたかった自分。変えようと思った部分。<br>その時にはもう変わっていただなんて、<br>言われるまで気が付きもしなかった。<br>他人をよく見る、興味を持つ。<br>全て、あなたと出会ってからのこと。<br>……口に出すのは癪だから、その日の記憶はお酒で流すの。	
87	1000089	春待つ卵を探して	はるまつたまごをさがして	5	87	ex_early	68	70	24	15	16	6	フィユルにて行われる、イースター料理大会。<br>その実態は、町興しのための卵料理コンテスト。<br>とある縁から遥々腕をふるいに来た花騎士たちは、<br>そこで奇妙な噂を耳にする。<br>果たして、雪山に眠る「幻の卵」とは……？	
88	1000096	水族艦紫のマンタ艇	すいぞくかんむらさきのまんたてい	5	88	early	75	70	21	15	17	6	ただ一隻、悠然と空を泳ぐクジラ。<br>その随伴艇として飛ぶ、色とりどりのマンタたち。<br>盾となり、剣となり、いずれ大きな群れとなる。<br><br>碧空に異様な色彩を添えるは紫のマンタ。<br>敵を撹乱し、一瞬の内に滅ぼす。	
89	1000090	あなたに包まれて	あなたにつつまれて	6	89	normal	147	90	64	25	13	10	コップ、歯ブラシ、書き損じた書類。<br>昨日拾ったタオルには、ほんの少しのぬくもりが。<br>ゴミ箱から見つけた紙くずも、瓶に詰めて保管する。<br>発言、行動、スケジュール、全部まとめて記録して、<br>あなたの欠片に包まれた、心落ち着く私の居場所。<br><br>あなたがとても好きだから、あなたのすべてを知りたくて。<br><br><br><br><br><br><br><br>団長さんの部屋のごみ箱はさっきチェックしたけど、今夜は<br>騎士団上層部との会議で戻ってこれないはず。だから今から<br>行っても変化はないけれど、他の女が万が一にもプレゼント<br>とか置いていたりしたら嫌だし……。あ、でももしかしたら<br>夜遅くに帰ってくるかもしれないから団長さんの部屋にいた<br>ほうがいいかなうんいよう私は待っていますからね団長さん	
90	1000091	夕焼けの人魚たち	ゆうやけのにんぎょたち	6	90	normal	45	90	72	25	35	10	水平線に太陽が沈んでいく。<br>夕焼けの光を、海が跳ね返す。<br>尾びれの代わりに素足を下ろして、<br>ぱちゃぱちゃ、光をかき混ぜる。<br>今の私は、ほんのちょっぴり人魚さん。<br><br>「ここまでなら、まだ怖くないです……！」	
91	1000085	愛おしき小さな世界	いとおしきちいさなせかい	5	91	early	53	70	35	15	10	6	護ってくれたわけでも、救ってくれたわけでもなく。<br>ただ傍にいてくれた使用人。<br>ほとんど遊び仲間みたいなもので、<br>この子たちの前では、私はただのお友達。<br>そんな二人と過ごす、ささやかなピクニック。<br>このありふれた時間が、今はとても愛おしい。	
92	1000087	ままごと診療所	ままごとしんりょうじょ	6	92	normal	60	90	93	25	9	10	「この部屋、病院。お医者、クコ。<br>　患者、到来。助手、万全。おなか、触診開始」<br>「ヘナは看護師、診療助手……なの！<br>　救護要望、容態不明、先生、患者、いかなる病気？」<br>おもちゃの聴診器に、ぬいぐるみの患者さん。<br>想像の翼を広げれば、ここは二人の診療所。<br>「診療、完了。お薬、増量……」	
93	1000092	秘められた力の覚醒	ひめられたちからのかくせい	6	93	early	75	90	60	25	38	10	これは……私の力なの？<br>それとも…………<br>ううん、今はそんなことはいいわ！<br>この力で、害虫を退けられるなら！<br>私は、戦うわ！<br>返してもらうわよ、私達のコダイバナを！	
94	1000097	武に舞う華の乙女たち	ぶにまうはなのおとめたち	5	94	ex_early	83	70	18	15	18	6	お祭り大国・バナナオーシャンで、<br>強さと美しさを競う「舞闘大会」が<br>開催されることになった。<br>会場を包む熱気に、お祭りごとが大好きな<br>花騎士ヒペリカムも、興奮で実況に磨きがかかる。<br>今、戦いの幕が切って落とされる！	
95	1000093	はぐれることがないように	はぐれることがないように	6	95	normal	150	90	12	25	63	10	大人になったところを見せたかったけど、<br>一も二もなく迷子になって。<br>どうしようかと思ったら、すぐに見つけてくれました。<br>心細さはバイバイで、嬉しい気持ちがいっぱいで、<br>お空の花火もすっごく綺麗で、小さな幸せ発見です！<br>「手をつないでください、ふに～♪」	
96	1000094	夜空断つ刃	よぞらたつやいば	6	96	normal	300	90	18	25	12	10	とかく浮世はしがらみだらけ、面倒ごとにも事欠かぬ。<br>今宵月夜はこの身を照らし、七八時雨は闇を裂く。<br>奇怪・厄介・お節介、気付けば絡まる人の糸。<br>終わらせないと帰れない……ならば、手早く済ませよう。<br><br>「……案外、変わったもんだな」	
97	1000098	水族艦黒のマンタ艇	すいぞくかんくろのまんたてい	5	97	early	83	70	23	15	13	6	ただ一隻、悠然と空を泳ぐクジラ。<br>その随伴艇として飛ぶ、色とりどりのマンタたち。<br>盾となり、剣となり、いずれ大きな群れとなる。<br><br>水族艦の原型となった最初のマンタ。<br>すべては、ここから始まった。	
98	1000099	誓いを貴方と	ちかいをあなたと	6	98	normal	60	90	96	25	6	10	かつて理想としていた世界は、<br>静かすぎて落ち着かない。<br>たとえ空が荒れ、嵐が吹き荒れたとしても、<br>貴方の隣を望みましょう。<br>貴方と私の二人なら、全てが輝ける日々になる。<br><br>誓いましょう、これからも貴方と共に……。	
99	1000100	雨降る森にて	あめふるもりにて	6	99	normal	132	90	39	25	44	10	ざぁ、ざぁ、ざぁ、と雨が降る。<br>雨の日のお散歩は、少しだけ心が躍る。<br>ざぁざぁ、ぱしゃぱしゃ、わんわんと、<br>雨に合わせて犬も歌う。<br>雨音、足音、友との語らい。<br>よろしければ、ご一緒にいかがですか？	
100	1000101	太陽の剣	たいようのけん	6	100	normal	105	90	54	25	12	10	それは繰り返す箱庭の記憶。<br>コダイバナより現れた、極陽の力を持つ者。<br>最初の花騎士と共に世界を救ったその力は、<br>かつてのコダイバナの賢人にして王、<br>ウォダンの血筋に引き継がれた。<br>そして、その力は今……。	
101	1000103	危険な水着を着るんだよん！	きけんなみずぎをきるんだよん	6	101	normal	165	90	38	25	33	10	ペッポー！　ブラボー！　夏・上等！<br>そこに飛び出た危険な水着。<br>布面積はエコロジー、その露出度はデンジャラス。<br>一撃必殺、過剰な火力。夏の視線を独り占め！<br>さぁペポよ、あっちの水着はえっちだぜぇぃ！<br>賢明な読者諸君もそれをお望みなんだよ？<br>「……さっきから何言ってるのランタナちゃん？」	
102	1000102	境界線を挟んで	きょうかいせんをはさんで	6	102	normal	135	90	54	25	26	10	年は違えどよく似た立場、故に湧き出る競争心。<br>――無視することなどできはしない。<br>――あの子にだけは負けたくない。<br>仲が良いやら悪いやら、一つの国の二人の女王。<br>――支え合わねば生きていけない。<br>――だけどそこまで素直になれない。<br>意地を張り合い疲れ果て、背中を預けてひとまず休憩。	
103	1000104	海の家の昼休み	うみのいえのひるやすみ	6	103	early	180	90	33	25	33	10	たこ焼き、オムそば、かき氷……。<br>焼きそば、いか焼き、トウモロコシ……。<br>味が濃くってお手軽で、チープだけどなぜか美味しい。<br>これは……作った人が、手抜きしなかったから？<br>ボクのカレーも食べてほしいけど、<br>今日の所はご馳走になっておこうかな……。<br>「たこ焼きって、ぷにぷにしてるよね」	
104	1000105	負けてられるか！	まけてられるか	6	104	normal	113	90	71	25	15	10	青い海より真っ赤なスイカ、<br>どれだけ食べてもおかわり可能。<br>美味しく食べたいはずなのに、<br>いつの間にやら競争に。<br>いいとこ見せたい、負けたくない……。<br>お腹が冷えてもやめられない！	
105	1000107	真夏の恋詩	まなつのこいうた	6	105	normal	176	90	45	25	23	10	夏の日差しにあてられて、<br>いつもよりちょっと大胆な詩を。<br>ふと落ちてきたあなたの影に、慌てて詩を胸の中へ。<br>「ま、まだ見ちゃダメです！　もうちょっと……！」<br>この詩に込めたあなたへの気持ちを<br>恥ずかしがらずに伝えられるまで、<br>もう少しだけ、待ってください。	
106	1000111	束の間の休息	つかのまのきゅうそく	6	106	normal	105	90	56	25	33	10	テントを建ててひとやすみ。<br>隊長様のお褒めの言葉に、大はしゃぎする一人と一匹。<br>優しく笑うもう一人も、大事な大事な部隊の仲間。<br>――過去はもう取り戻せない。<br>後悔しても何も戻らない。<br>だから、笑顔で進んでいこう。<br>そうして再び挑むのだ――この、因縁の監獄島に。	
107	1000106	いざ、海に沈んだ花へ	いざうみにしずんだはなへ	6	107	normal	158	90	36	25	37	10	泡に包まれ向かった先は、仄明るい海の底。<br>この先にきっと、希望を秘めた空の花があると信じ……。<br>「わぁ、魚の群れが泳いでいます！」<br>「サンゴ礁も綺麗なものね」<br>「こういうのもイイもんだな」<br>重要任務の最中だけど、<br>今はちょっとだけ、景色を楽しむのも悪くないかも。	
108	1000109	月よりイタズラ	つきよりいたずら	6	108	early	156	90	42	25	32	10	満月の夜、みんなでお月見……のはずだったけど。<br>すやすや聞こえる寝息に、イタズラ心がムズムズ疼く。<br>つんつん、くいくい……まだ起きない？<br>いつの間にやらお月見なんてそっちのけ。<br>花より団子、月よりイタズラ、なのでした。	
109	1000112	ジャック・Oh!・ランタン	じゃっくおうらんたん	6	109	normal	135	90	51	25	29	10	おかしな夜に魔女と妖精、<br>ヘンテコかぼちゃに興味津々。<br>撫でたり突いたり叩いたり、転がしてみたり被ったり？<br>「なにこれ変なの、おっもしろーい！」<br>「ジャック・オー・ランタンっていうんです」<br>そうさオイラはジャコランタン！<br>お菓子をくれなきゃ、イタズラするぞ！	
110	1000113	焼き芋の季節	やきいものきせつ	6	110	early	153	90	42	25	33	10	赤に黄に色づく森の中。<br>落ち葉を集めて作るのは、ほっくほくの焼き芋です。<br>一番最初に焼けたお芋を渡したら、<br>「あら、珍しいわね」<br>なんて笑われたりして。<br>忙しい任務の合間、二人で秘密の息抜きタイム。	
111	1000108	夜々これ修行なり	よよこれしゅぎょうなり	6	111	ex_early	120	90	54	25	30	10	草木も眠る丑三つ時、忍は元気に修行中。<br>疲れたら特製兵糧丸で、皆仲良く腹ごしらえ。<br>今は未熟でも、いつかこの棟梁を越え、<br>一人前の忍となってくれますよう。<br>弟子を見守る師の姿をも、月は優しく見守っていた。	
112	1000114	湯、慰安、旅行にて。	ゆいあんりょこうにて	6	112	early	60	90	90	25	12	10	仕事が終わってまったりのんびり、温泉旅行の二人組。<br>いえいえ実はもうひとり、小さなお連れがいるんです。<br>「～～♪」<br>「あはは、ムーリーも気持ちいいみたいです！」<br>「ふむふむ……ふろふき大根もいいですね」<br>疲れは全部お湯に溶かして、<br>また明日からも頑張りましょう♪	
113	1000115	切り開く一撃	きりひらくいちげき	6	113	early	45	90	99	25	9	10	煮え滾る体内に銃声が響く。<br>燃え盛る怪物を一閃が薙ぐ。<br>一歩だって退いてやるものか。<br>明日を掴み、希望を手に入れ、<br>未来を切り開いてみせるのだ。	
114	1000095	離れて、近づいて	はなれてちかづいて	6	114	normal	203	90	39	25	21	10	嘘をついたとしても、傷つけたくはなかった。<br>だから、遠ざかったはずなのに、<br>お節介な人たちは、遠慮なく近寄ってきてくれる。<br>そのぬくもりは怖くない……けれど、<br>この子が警戒するのはなぜかしら？<br><br>「むはぁ、怒った子ぎつねさんもかわいいです～！」	
115	1000120	水の都のおいしいお祭り	みずのみやこのおいしいおまつり	6	115	normal	135	90	60	25	20	10	豊穣を祝う水都のお祭り。<br>あっちのお店もこっちのお店も<br>おいしそうなもので溢れている。<br>次はあれを食べてみようか、なんて<br>赤く染まった顔が笑う。<br>食べて、飲んで、おしゃべりして、<br>宴はまだまだ続いていく――。	
116	1000116	クリスマス・フェザー	くりすますふぇざー	6	116	normal	113	90	75	25	20	10	一日が終わる穏やかな時間に、<br>ささやかな楽しみの枕投げ。<br>けれど無邪気に放られた枕は一刀両断、<br>はらはらと、真っ白な羽が幻想的に舞い散って……。<br>「なるほど、これが枕投げか」<br>「……いえ、違います…………」	
117	1000117	幸せな朝食	しあわせなちょうしょく	6	117	normal	135	90	42	25	38	10	大好きな人と迎える至福の時間。<br>食パンにジャムを、<br>隣にあなたを、<br>あなたに、わたしの笑顔を。<br>ああ、このまま時が止まればいいのに……<br>なんて、臆病な愛情表現でしょうか？	
118	1000119	サプライズ★ボックス	さぷらいずぼっくす	6	118	normal	150	90	48	25	27	10	「どっか～ん！　サプライズっぴゃ～！」<br>「あはは！　団長さん、驚いた？」<br>見慣れぬ箱から飛び出したのは、<br>イタズラ好きな二人の花騎士。<br>仕事の疲れはどこかへ吹き飛び、<br>孤独な時間は賑やかなひと時へ。<br>さあ、どんなお返しをしてあげようか？	
119	1000122	新たに咲く花	あらたにさくはな	6	119	early	158	90	36	25	37	10	一度は捨てた名前だった。<br>世界を信じられず、自分を信じられず、<br>捨ててしまったその名前を<br>再び拾い上げようと思えたのは、<br>彼女たちの勇気と希望に未来を見たから。<br>だから私も……もう一度、立ち上がります。	
120	1000121	乾杯！	かんぱい	6	120	normal	180	90	45	25	21	10	「任務完了、勝利を祝して飲みましょう♪」<br>「それ昨日のことじゃなかったっけ？　まぁいっか！」<br>「私たち、毎日飲んでますねー♪」<br>それは生きる喜び、原動力、命の源。<br>理由はなくとも飲めば幸せ、飲める友が一番の宝。<br>今日も明日も未来永劫、<br>この馬鹿騒ぎが続くことを祈って――乾杯！	
121	1000123	カミのまにまに	かみのまにまに	6	121	normal	135	90	51	25	27	10	願ったわけではないけれど、<br>あるがままを受け入れて、今日も己の責務を果たす。<br>「遅くなってごめーん、もう始めてたのね！」<br>「キキョウさん、お待ちしていました」<br>来る者拒まず、去る者追わず。<br>そうして人を、世界を識っていけば、<br>いつか、あの子の気持ちもわかるだろうか。	
122	1000125	追想を越えて	ついそうをこえて	6	122	early	156	90	41	25	33	10	幼い頃から繰り返し、ただ見つめ続けてきた。<br>この微笑みが目覚める日を、ただひたすら望んでいた。<br>それは、決して望み通りの結果ではなかったけれど、<br>あなたは私の希望そのもの。<br>今日もこの微笑みを見つめて、私達は未来へ歩いていく。	
123	1000126	バレンタイン★ドクロ	ばれんたいんどくろ	6	123	early	173	90	36	25	32	10	常夏の国とバレンタイン！<br>愛情たっぷり詰め込んだ、<br>つやつやドクロのできあがり♪<br>出来の良さにみんなもビックリ！<br>大好きな人に大好きなドクロ、<br>愛の告白も大成功間違いなし！？<br>さあ、遠慮せずに召し上がれ♪	
124	1000127	特別に甘やかして	とくべつにあまやかして	6	124	normal	120	90	60	25	24	10	「ねえねえさっちゃん、ハーミーちゃん！」<br>カルミアだけの特別な呼び方で呼べば、<br>二人はいつも笑ってくれるデス！<br>あったかい体温と、落ち着く匂いと、フワフワの感触……。<br>大好きな二人に挟まれて、<br>カルミアは今日も甘えん坊なのデス♪	
125	1000118	ディーラーズレッスン	でぃーらーずれっすん	6	125	normal	120	90	54	25	30	10	ディーラーに必要なものはなにかしら？<br>手先の器用さ、センスに運。<br>どれも重要なものだけど、<br>私がひとつ教えるたびに、一生懸命メモを取る。<br>その素直さと、まっすぐな努力。<br>そういうものが、結局一番大事なのかも。	
126	1000128	泡沫の夢の残滓	うたかたのゆめのざんし	6	126	normal	120	90	69	25	15	10	時の女王は動乱する世界で希望の象徴を演じ、<br>不安に迷える民を導く。<br>陰なる賢人は彼女の傍らで智略の限りを尽し、<br>国家に仇なす敵を討つ。<br>闇に光を。悲劇に終幕を。全ての命に魂の安寧を。<br><br>二人は共に、同じ未来を見つめていた。	
127	1000124	囁きに耳を傾けて	ささやきにみみをかたむけて	6	127	normal	135	90	36	25	44	10	とある屋敷で起きた怪事件――。<br>現場は密室、証拠は隠滅、犯行手口は摩訶不思議。<br>だけど彼女は諦めない。<br>些細な手がかりから謎を解き明かし、<br>犯人を追い詰め真相へと至る様はまさに名探偵！<br>「謎は全て解けた……メギ、ボクの推理を披露しよう」<br>「はい、カーパスさん。期待していますよ」	
128	1000129	ドキドキの理由	どきどきのりゆう	6	128	normal	195	90	39	25	23	10	派手に転ぶ音が聞こえて、慌てて後ろを振り返る。<br>両手を怪我した団長さまに、お手製の薬を塗ってあげる。<br>なんでだろ、いつもやってることなのに、<br>あたしの胸、ドキドキしてる。<br>これは何の病気なの？　あたしの薬で治るかな？<br>それとも……もっと別の理由？<br>ねえ、団長さまなら分かるかな？	
129	1000132	創世の花園	そうせいのはなぞの	6	129	normal	120	90	48	25	24	10	滅びの中に浮かぶ小さな箱庭。<br>その中で、無限の未来へ連なる希望を育む。<br>世界を照らす太陽の光を浴びて、<br>花びらを踊らせる柔らかな風に吹かれて、<br>輝きと潤いに満ちた水の流れを追いかけて、<br>命を生み、飲み込む大地に優しく支えられて――。<br>私たちは祈り、願い、そして前に進む。	
130	1000133	希望をくれたあなたたちへ	きぼうをくれたあなたたちへ	6	130	normal	188	90	42	25	21	10	二人の笑顔があったから、わたしは笑顔を知りました。<br>二人という希望の光が、わたしを導いてくれました。<br>感謝の言葉を改めて伝えるのは照れちゃうけど、<br>手紙でなら、きっと素直に伝えられるはず。<br>あの時言えなかった、この言葉も。<br>――お父さん、お母さん、希望をくれて、ありがとう。	
131	1000163	紅差し指に願う	べにさしゆびにねがう	6	131	normal	150	90	42	25	33	10	紅を一筋、差してくれる優しい指。<br>その指からいつか、<br>苦労と悲しみの色が消えますように。<br>母ともいえるあなたのために、<br>家族ともいえる皆のために、<br>私は願い、今宵も桃源郷を彩りましょう。	
132	1000143	ほんの少し、決意の手紙	ほんのすこし、けついのてがみ	6	132	normal	120	90	57	25	27	10	悩んだり困ったり、色んなことがあって、<br>昔の自分とは似ても似つかぬあたしになった。<br>それでも、今のあたしと向き合って、<br>もう少しだけ胸を張れるようになったら、<br>手紙を越えて、あなたに会いに行きたいな。<br>それまで、もう少しだけ待っててね。	
133	1000164	涙の予行演習	なみだのよこうえんしゅう	6	133	normal	165	90	42	25	29	10	仲睦まじい両親に憧れ、ずっと夢見た花嫁衣装。<br>まだ本番ではないけれど。<br>イベントの一環だけれども。<br>あなたが私の手を取るから、涙で前が見えなくなる。<br>いつもあなたが私に寄り添ってくれるように、<br>いつか私も、あなたを支えられるようになったら……。<br>そんな未来を、想像してもいいでしょうか？	
134	1000170	晴天のブーケトス	せいてんのぶーけとす	6	134	normal	120	90	57	25	27	10	愛しい人と結ばれる、素敵な花嫁に――。<br>乙女なら誰もが抱く夢を応援して、<br>このブーケを力いっぱいに放り投げる。<br>太陽のように眩しい未来へ向かって。<br>海のように深い愛を育んで。<br>象徴の花嫁は優しく微笑みかける。<br>――さあ、次はあなたが幸せになる番ですよ？	
135	1000138	君想う短冊	きみおもうたんざく	6	135	normal	150	90	48	25	27	10	年に一度の逢瀬を祝福するように、<br>夜空は祈りの星々で埋め尽くされる。<br>「バンちゃん、短冊飾ろうよ」<br>「いいよ、どのへんがいいかな」<br>闇の中で震えるわたしを見つけてくれたあなたと、<br>これからもずっと一緒にいられますように――。<br>何度だって願おう、あの華やぐ天の河を越えて。	
136	1000157	おかわりっ！	おかわりっ！	6	136	early	45	90	96	25	9	10	食べても食べても減らない唐揚げ！<br>食べても食べても尽きない食欲！！<br>食べても食べても……太らない体！？<br>こってり、大盛り、キングサイズ、<br>なんでもござれのはらぺこバトル！<br>早食いさんもマイペースさんも、皆仲良く手を上げて！<br>「美味し～い！　あ、おかわりっ！！」	
137	1000145	南風のいたずら	みなみかぜのいたずら	6	137	normal	186	90	30	25	35	10	うだるような暑さの浜辺に、心地よい風が吹く。<br>それは、遠くから呼ぶ声を運び、<br>いつもより心許ない布を<br>いたずらにひらりとひるがえす。<br>ちょっぴり恥ずかしいけど、<br>あなたになら見られても、なんて。	
138	1000154	サマータイム・アンサンブル	さまーたいむ・あんさんぶる	6	138	normal	180	90	45	25	21	10	太陽の光に水面が輝き、二人の笑顔もキラキラ輝く。<br>あふれる旋律は聞きなれた、愛すべき故郷の歌。<br>一緒に歌えばその歌声は<br>太陽よりも海よりも、何より輝く光になる。	
139	1000162	恥じらいと月見団子	はじらいとつきみだんご	6	139	normal	135	90	69	25	12	10	月見団子についつい手が伸び、<br>いつのまにやら頬に餡。<br>「ヒメ様、こっちを向いてください」<br>「むむ……こんな姿を晒すなど……」<br>赤くなった頬を優しく拭う。<br>そんな姿を微笑ましく見守り、<br>月夜の宴はまだまだ続く――。	
140	1000150	海賊たちの夜咄	かいぞくたちのよばなし	6	140	normal	120	90	42	25	42	10	鷹にさらわれ、貴族に売られ、生まれた時から波乱万丈。<br>嘘みたいな本当の人生、行き着いた先の大事な仲間。<br>こうして夜ごと話すたび、絆はますます深まっていく。<br>明日はどこへ繰り出そうか？<br>笑いながら夜は更けていく。	
141	1000148	看板娘、誕生？	かんばんむすめ、たんじょう？	6	141	ex_late	90	90	78	25	15	10	ナデシコはん、どないしたんその格好！？<br>まさか……ようやく桃源郷の<br>看板娘になる決心してくれはったん！？<br>……どうしても忙しい言うから手伝うとるだけ？<br>いやまたまた～！　こんだけサマになっとるっちゅうのに<br>今日だけやなんてもったいない！<br>ほな、さっそく二人で呼び込みに行こか！<br>これで宿の売上倍増！　ガッポガッポの大儲けやで～！	
142	1000135	竜と少女	りゅうとしょうじょ	6	142	normal	131	90	42	25	39	10	硬い鱗を撫でてあげれば、可愛い仕草で巨体が寄り添う。<br>ともに笑い、ともに悩み、ともに戦ってくれた盟友。<br>言葉を交わせるわけではないけれど、<br>その眼差しはなによりも雄弁。<br>これからも一緒に歩んでいこう。<br>まだ見ぬ先の、開かれた明日へと。	
143	1000169	暗黒のハロウィーン・ナハト	あんこくのはろうぃーんなはと	6	143	normal	45	90	72	25	35	10	祝えよ、玲瓏として満ちたる月を！<br>讃えよ、天魔はびこる漆黒を！<br>闇の華たる我が手より与えられし甘美の蜜は、<br>まさに天に昇るが如し、至上の逸品……！<br>心して味わえ、そして求めよ！<br>さらなる甘美は我らが手にあり！	
144	1000155	あまあまお揃いコーデ	あまあまおそろいこーで	6	144	early	105	90	78	25	11	10	ひらひら、ふりふり、スカートが揺れる。<br>いつもよりも可愛らしい、フリルたっぷりのお洋服。<br>「アブラナちゃん、やっぱりすごく似合うよぉ～♪」<br>「そ、そう？　でも、今日だけなんだからね……！」<br>「えへへ、おそろいコーデ、すっごく嬉しい♪」<br>恥じらう乙女と喜ぶ乙女、二人並んでポーズを取って。<br>ほら、意外とまんざらでもないんじゃない？	
145	1000137	お兄ちゃん待って！	おにいちゃんまって！	6	145	normal	60	90	66	25	36	10	久しぶりのお休みはとっても良い天気。<br>今日は一日、のんびり一緒に過ごせる！<br>そう思っていたのに……。<br>「お腹が空いたな！　あのお店まで走るぞー！」<br>「お兄ちゃん待って、置き去りにしないで～！」<br>やっぱり、お兄ちゃんは走り出してしまう。<br>もう……ちょっとくらい、私にかまって！	
146	1000180	輝く不老と競争の騎士	かがやくふろうときょうそうのきし	6	146	late	150	90	39	25	36	10	幾多の死線をくぐり抜け、たどり着いた大きな勝利。<br>それでも相変わらず眠たげな瞳に、<br>いつもとは違う輝きを若き騎士は感じ取る。<br>「あなたでも、そういうの貰うとやっぱり嬉しい？」<br>「んん～……わかんない……でも……」<br>「今日はいつもより……あんまり眠くない、かも……」<br>「ふふっ。あたしは今日は、良い夢が見られそうだわ」	
147	1000181	輝く思慕と希望のドレス	かがやくしぼときぼうのどれす	6	147	late	75	90	84	25	14	10	会場は、新時代の幕開けに歓喜する声で満たされる。<br>逆境の中から掴み取った希望を噛み締めながら、<br>彼女は恥ずかしがりな主役の一人に声をかける。<br>「セルリアさん、どうしてそんな隅っこに？」<br>「大勢の前に出るのは、ちょっと照れてしまって……」<br>「なるほど。では、わたしと一緒に行きましょう！」<br>「あっ……はい、スノードロップさん……！」	
148	1000182	輝く発明と歴史の新星	かがやくはつめいとれきしのしんせい	6	148	late	195	90	42	25	20	10	大きな戦いに幕が下り、勝利を祝って宴が開かれる。<br>数々の歴史を見届けてきた管理人の目は、<br>時代の陰で活躍してきた天才発明家を見逃さない。<br>「ガンライコウさん！　お話聞かせてもらっても！？」<br>「ええ、いいわよ……って、ちょっと近くない？」<br>「まあまあそう言わず！　あっほら、ピースピース♪」<br>「どこに視線を向けているの……？」	
149	1000142	誰が為に聖夜は来る	たがためにせいやはくる	6	149	normal	135	90	54	25	26	10	寒さに震え、闇に怯え、孤独に時をやり過ごす。<br>かつての常識は、今、過去になった。<br>「……なかなかに素敵な歌声だったわ」<br>「へ？　あ、ありがとうございます……？」<br>夜道に明かりが灯り、静寂に歌声が響く。<br>全てを失ったはずのあの夜が、<br>今はこんなにも光り輝いて、眩しくて――暖かい。	
150	1000158	サンタたちのケーキタイム	さんたたちのけーきたいむ	6	150	normal	150	90	48	25	27	10	聖夜祭に賑わうウィンターローズの街並みを、<br>サンタ代行花騎士たちが駆け回る。<br>プレゼント配りの手伝いは予想以上に大忙し！<br>疲れたら、甘いケーキのご褒美だって必要なんです。<br>「わぁぁ……とっても美味しそうなのです！」<br>「あちこち走り回ってお腹がぺこぺこですね……」<br>さあ、一息ついたら、皆のためにまた頑張ろう！	
151	1000183	あま～い誘惑	あま～いゆうわく	6	151	normal	120	90	60	25	24	10	胸の奥から溢れ出す、団長さんへの甘い想い。<br>それに負けないくらい、山盛りの甘いお菓子。<br>これなら独り占めできますか？<br>私だけに構ってくれますか？<br>我慢なんてしなくていいんです。<br>この誘惑は、全部あなたのためのもの。<br>お菓子も私も、美味しくいただいてください♪	
152	1000149	熱狂の一発逆転！	ねっきょうのいっぱつぎゃくてん	6	152	early	150	90	54	25	21	10	水面煌めくロータスレイクのレース会場。<br>怒号、悲鳴、歓喜が入り乱れる混沌の中で、<br>のほほんとマイペースに眺めるは素人二人組。<br>「お～。近くで見ると迫力満点、なの」<br>「これが、スワンボートレースなのですね……！」<br>成るか、胸が高鳴る一発逆転。<br>熱狂の行き着く先は、神のみぞ知る……！	
153	1000130	白き国の黒ウサギ	しろきくにのくろうさぎ	6	153	normal	128	90	60	25	21	10	ウィンターローズを騒がせた暴れウサギの噂話は<br>結局、いつもどおり害虫の仕業だった。<br>電光石火の早業で騒動を解決したのは勿論――<br>「暴れウサギをやっつけた、黒ウサギだぴょん♪」<br>とっておきの場所で一休み。背後には意味深な視線。<br>「……なるほど」<br>「言いたいことがあるなら言えっ！」	
154	1000175	乙女心とラブレター	おとめごころとらぶれたー	6	154	normal	188	90	42	25	21	10	恥じらい頬染め手渡された、ハートに封じたラブレター。<br>「あら、よかったじゃない」なんて、<br>かたわらの親友は喜ぶけれど。<br>向けられた好意はもちろん嬉しい。<br>でも……乙女心にはとても複雑な一通なのです。	
155	1000159	あなたからのお返し	あなたからのおかえし	6	155	normal	105	90	72	25	18	10	別に、お返しなんてしなくてもいいのに。<br>そう言いつつも、差し出された丁寧な包みに、<br>勝手に頬が緩んじゃう。<br>顔も熱いし、きっと真っ赤になっちゃってる。<br>せめて、嬉しくてドキドキしている胸の鼓動が<br>あなたに気づかれませんように。	
156	1000140	守り抜く一撃	まもりぬくいちげき	6	156	normal	225	90	30	25	15	10	「エノテラとカチカチさんに挑むとは無謀ですね」<br>「だからそのカチカチさんというのは……いや、いい」<br>軽口を叩きながら、しかしその眼光は鋭く。<br>世界花へと迫る脅威に、煌めく刃を突きつける。<br>「さあ、最初にブチ転がされたいのは誰ですか？」<br>「来るがいい、一体たりともここは通さん！」	
157	1000171	ハッピーイースター!	はっぴーいーすたー	6	157	normal	345	90	6	25	3	10	ようこそいらっしゃいました！　私たちがご案内します♪<br>右手に見えますのはカラフルなタマゴたち。<br>左手に見えますのは可愛らしいウサギたち！<br>エッグアンドスプーンレースにも、<br>ぜひ挑戦してみてくださいね！<br>さぁ、どこから行きましょうか？<br>賑やかな春のお祭りは、始まったばかりですよ！	
158	1000172	春爛漫のひとやすみ	はるらんまんのひとやすみ	6	158	normal	180	90	48	25	15	10	満開の花々を望む丘の上。<br>敷物を広げて一息つき、<br>ウメ師匠お手製のサンドイッチをぱくり。<br>忙しい毎日の合間に生まれた、<br>大好きな人との憩いのひととき。<br>今だけは二人でのんびり、暖かな季節を満喫しましょう。	
159	1000177	お花見エスコート	おはなみえすこーと	6	159	normal	180	90	42	25	21	10	息を呑むほどに美しいフェリアの花園。<br>お誘いを受けた時は怯えていたけれど、<br>今は来て良かったと心から思う。<br>「どう？　僕もこの景色に元気をもらってるんだ！」<br>明るく優しげな声に、微笑みと笑い声で返す。<br>まだ少しの緊張はあるけれど、<br>春の雪解けのように消えていくだろうか。	
160	1000184	遠い異世界から	とおいいせかいから	6	160	normal	75	90	66	25	32	10	奇妙な縁でやって来た、異なる世界のお客様。<br>不思議な瀬戸物追いかけて、東奔西走大冒険！<br>――だけど、疲れてちょっと一休み。<br>果たしていつになったら帰れるのやら……。<br>嗚呼、はにほー、はにほー。<br>	
161	1000110	はじめてじゃないおつかい	はじめてじゃないおつかい	6	161	normal	113	90	51	25	36	10	「待ってて……一番いいお水、汲んでくる……！」<br>ご主人様に頼まれたのは、普通の井戸水。<br>だけどメイドさん、すご～く張り切って出かけました。<br>「……大丈夫、なんでしょうか……」<br>「大丈夫でしょう。すぐそこの井戸だし」<br>「……反対方向、ですけど……」<br>「……………………」<br>あ～らら、やっちゃった。<br>森の奥へと消えていくメイドさんを見送って、<br>ご主人様は今日も頭を抱えるのでした。	
162	1000151	午後のひととき	ごごのひととき	6	162	normal	225	90	30	25	23	10	暖かな陽気の窓際で、あなた様のために紅茶を一杯。<br>貴族として誇り高く生きるマーガレット様が、<br>たまには肩の力を抜けるように。<br>いつもは気難しげなそのお顔をふと綻ばせるひとときが、<br>わたくしは何よりも幸せなのでございます。	
163	1000147	あなたがくれた紙の指輪	あなたがくれたかみのゆびわ	6	163	normal	120	90	39	25	45	10	無表情で、口数も少ないわたしのこと、<br>なんでもお見通しのあなた。<br>そんなあなたとのつながりを感じるものがあるなら、<br>それが即席で作った紙の指輪だとしても十分。<br>どんなに疲れても、離れても……<br>大好きなあなたとずっと繋がってるから、がんばるよ。	
164	1000153	リーダーの座は誰のもの？	りーだーのざはだれのもの?	6	164	normal	15	90	6	25	110	10	監獄島で行われた強化合宿。<br>才能ある若き花騎士たちが、<br>己の力を磨くために切磋琢磨している。<br>「グループのリーダー？　私に決まってるわ！」<br>「そうでしょうか。なかなか呼ばれませんけど……」<br>正反対な二人が話していると、<br>その名を呼ぶのは教官ではなく……？	
165	1000141	恋バナマシンガントーク	こいばなましんがんとーく	6	165	normal	300	90	18	25	12	10	ちょっぴり刺激的な恋バナをしただけで<br>顔を真っ赤にしちゃう、可愛い可愛い双子のお姉ちゃん。<br>ゼフィランサスもきっと素敵な恋ができるんだから、<br>ポーズだけじゃなくてもっと積極的になればいいのに。<br>よーし、もっともっとリリーの恋バナを聞かせて、<br>ゼフィランサスの魅力をギュンギュン上げてあげるからね♪	
166	1000146	天に咲く華、手の中の華	てんにさくはな、てのなかのはな	6	166	normal	75	90	45	25	53	10	夜空を彩る大輪に比べて、小さく儚い線香花火。<br>けれど、その光は人々の心を照らし、<br>ひとときの安らぎを与えてくれる。<br>また明日から、前を向いて頑張るために、<br>今はゆっくり、語らいの時間を楽しみましょう。	
167	1000156	可愛いハナたちの卒業旅行	かわいいはなたちのそつぎょうりょこう	6	167	normal	0	90	60	25	60	10	「ハナイちゃん、あっちに行ってみましょう！」<br>「うん！　いこいこ、フリージアちゃん！」<br>騎士学校を卒業したての花たちが、<br>手を取り合って駆けていく。<br>やがて騎士団に配属される彼女たちの門出を祝い、<br>素敵な卒業旅行が幕を開ける……！？	
168	1000166	姉妹の絆	しまいのきずな	6	168	normal	150	90	48	25	27	10	「夜の海って、すっごく綺麗じゃない？」<br>世界の敵との決戦前夜に、のんきな姉はそんなことを言う。<br>……確かに静かで、幻想的で、別世界のようだけど。<br>「おー！　綺麗な海だなー！」<br>「はぁ……うるさいですよ、バカ姉」<br>二人はどうしようもなく抜けていて、マイペースで……<br>魔法のように、私を知らない世界へと連れ出してしまう。	
169	1000144	あにまるナイツ、ショータイム	あにまるないつ、しょーたいむ	6	169	normal	15	90	111	25	3	10	みんな～、こ～んに～ちは～！<br>絵本の世界から、素敵な仲間たちがやってきたよ～！<br>甘えたがりのすいーとインコ♪<br>勇気あるリーダー、ライオンはーと★<br>向こうでいぬワンダーも元気に手を振ってるよ！<br>さぁ、楽しい楽しいショーの始まりだ～！	
170	1000174	†シャドウノヴァカプリチオ†	しゃどうのゔぁかぷりちお	6	170	normal	300	90	0	25	30	10	虚の闇より深き夜　無の彼方より白き星<br>吹雪の中に隠されし　陰謀を打ち砕かん<br>華の乙女に相対す　愚かなる者よ<br>聴け、我が裁きの歌<br>「我らの手により、必ずや正義が成されるでしょう」<br>――総員、抜剣！！	
171	1000134	一人前を目指して	いちにんまえをめざして	6	171	normal	150	90	39	25	36	10	崩れた天井、破れたカーテン。<br>ボロボロの部屋に、優しい声とペンを走らせる音が響く。<br>貴族の名に恥じぬ立派な人になり、<br>いつか再び、素敵なお屋敷を建て直すため。<br>優しい家庭教師に見守られ、<br>今日も彼女は勉学に精を出すのです。	
172	1000160	魂を燃やせ！！	たましいをもやせ	6	172	normal	60	90	42	25	60	10	ついに開幕、ベイサボール大会！<br>熱い声援に背中を押され、選手の闘志も最高潮！<br>一球入魂！　熱血ピッチャー、ビバーナム！<br>好球必打！　クールなバッター、ウキツリボク！<br>二人の勝負の行方は、果たして――！？	
