1	1	エイプリルフール		april_fool_episode.swf	0	1	1	0	2015-07-24 00:00:00	2015-09-10 00:00:00	0	2015-09-10 00:00:00
2	2	人気投票イベント予告		election_episode_0001.swf	0	1	1	0	2015-07-24 00:00:00	2015-09-10 00:00:00	0	2015-09-10 00:00:00
3	3	人気投票イベント開催		election_episode_0002.swf	0	1	1	0	2015-07-24 00:00:00	2015-09-10 00:00:00	0	2015-09-10 00:00:00
4	4	人気投票イベント結果発表		election_episode_0003.swf	0	1	1	0	2015-07-24 00:00:00	2015-09-10 00:00:00	0	2015-09-10 00:00:00
5	5	死体殴り修正予告		benkyokai.swf	0	1	1	0	2015-07-24 00:00:00	2015-09-10 00:00:00	0	2015-09-10 00:00:00
6	6	単体攻撃スキル修正予告		jgm0L22CzwWn	0	1	1	0	2015-07-24 00:00:00	2015-09-10 00:00:00	0	2015-09-10 00:00:00
7	7	わくわくカウントダウン！ あと5日	※放送は終了しました	ZOqFUA8Zf17	0	6	1	0	2015-10-09 00:00:00	2015-10-09 00:00:00	0	2015-10-09 00:00:00
8	7	わくわくカウントダウン！ あと4日	※放送は終了しました	LZVIrLaDwnT4	0	5	1	0	2015-10-09 00:00:00	2015-10-09 00:00:00	0	2015-10-09 00:00:00
9	7	わくわくカウントダウン！ あと3日	※放送は終了しました	T6vkM2Xu002F	0	4	1	0	2015-10-09 00:00:00	2015-10-09 00:00:00	0	2015-10-09 00:00:00
10	7	わくわくカウントダウン！ あと2日	※放送は終了しました	ShIcH3zQpn	0	3	1	0	2015-10-09 00:00:00	2015-10-09 00:00:00	0	2015-10-09 00:00:00
11	7	わくわくカウントダウン！ あと1日	※放送は終了しました	nYy1f6xNvnI	0	2	1	0	2015-10-09 00:00:00	2015-10-09 00:00:00	0	2015-10-09 00:00:00
12	7	わくわくカウントダウン！ 放送開始	※放送は終了しました	lW77J40s4777	0	1	1	0	2015-10-09 00:00:00	2015-10-09 00:00:00	0	2015-10-09 00:00:00
13	8	クリスマス		eE9hvi8msZeE	0	1	1	0	2015-12-24 00:00:00	2015-12-24 00:00:00	0	2015-12-24 00:00:00
14	9	正月おみくじ		Tn3ysP4YPyBG	0	1	1	0	2016-01-07 00:00:00	2016-01-07 00:00:00	0	2016-01-07 00:00:00
15	10	ドタバタ☆カウントダウン！ あと4日	※放送は終了しました	KrHS5ggx2sAW	0	6	1	0	2016-01-26 00:00:00	2016-01-26 00:00:00	0	2016-01-26 00:00:00
16	10	ドタバタ☆カウントダウン！ あと3日	※放送は終了しました	h4ONJrSSfJlf	0	5	1	0	2016-01-26 00:00:00	2016-01-26 00:00:00	0	2016-01-26 00:00:00
17	10	ドタバタ☆カウントダウン！ あと2日	※放送は終了しました	f1fxHcp8juv	0	4	1	0	2016-01-26 00:00:00	2016-01-26 00:00:00	0	2016-01-26 00:00:00
18	10	ドタバタ☆カウントダウン！ あと1日	※放送は終了しました	Y0XcCthG7jbS	0	3	1	0	2016-01-26 00:00:00	2016-01-26 00:00:00	0	2016-01-26 00:00:00
19	10	ドタバタ☆カウントダウン！ 放送開始	※放送は終了しました	IMP1aasYWV9q	0	2	1	0	2016-01-26 00:00:00	2016-01-26 00:00:00	0	2016-01-26 00:00:00
20	10	ドタバタ☆カウントダウン！ エピローグ	※放送は終了しました	90fyf7eIyYjJO28aLFaK4AbCswN29p	0	1	1	0	2016-01-26 00:00:00	2016-01-26 00:00:00	0	2016-01-26 00:00:00
21	11	イベント26弾人気投票結果		hqBCYGXVuyOvvWGx4Mr2QXtc5j4yR	0	1	1	0	2016-02-23 00:00:00	2016-02-23 00:00:00	0	2016-02-23 00:00:00
22	12	スピンオフニコ生告知		8KlSbn1subih2W4Nn9wx8BgKIzv7bC	0	1	1	0	2016-03-31 00:00:00	2016-03-31 00:00:00	0	2016-03-31 00:00:00
23	13	エイプリルフール花騎士劇場		ngyZ4ThIMVJWgpp50rquMwWFDqdmKg	0	1	1	0	2016-03-28 00:00:00	2016-03-28 00:00:00	0	2016-03-28 00:00:00
24	14	クジラ艇カウントダウン！ あと4日	※放送は終了しました	60Vtx13TVdglcfm8bTPKzlYGSicQ7T	0	5	1	0	2016-04-26 00:00:00	2016-04-26 00:00:00	0	2016-04-26 00:00:00
25	14	クジラ艇カウントダウン！ あと3日	※放送は終了しました	eQWQjW1zB4fMMihsMWskWzLOSaNx	0	4	1	0	2016-04-26 00:00:00	2016-04-26 00:00:00	0	2016-04-26 00:00:00
26	14	クジラ艇カウントダウン！ あと2日	※放送は終了しました	2YYVTxgXS5AO0EPpViVJYMu1O63cg	0	3	1	0	2016-04-26 00:00:00	2016-04-26 00:00:00	0	2016-04-26 00:00:00
27	14	クジラ艇カウントダウン！ あと1日	※放送は終了しました	68Ks90sy5uSpslhxw5BDeb0lAoOl	0	2	1	0	2016-04-26 00:00:00	2016-04-26 00:00:00	0	2016-04-26 00:00:00
28	14	クジラ艇カウントダウン！ 放送開始	※放送は終了しました	KNts8XuboHk0sFbNErLQRsdtQ5gph	0	1	1	0	2016-04-26 00:00:00	2016-04-26 00:00:00	0	2016-04-26 00:00:00
29	15	好感度・咲実装		k7tMQb7uF4UzfLU7ETXy21xZtp34.png	0	1	1	0	2016-06-20 00:00:00	2016-06-20 00:00:00	0	2016-06-20 00:00:00
30	16	第2回ニコ生スピンオフ番宣		yNRfSfXwMAXOi56zN77oUEo26T0vF8.png	0	1	1	0	2016-07-21 00:00:00	2016-07-21 00:00:00	0	2016-07-21 00:00:00
31	17	開花（ガザニアの冒険）告知用の花騎士劇場		lRiwRpf6wPxFlRVqWzi1fSpRbQfp2e.png	0	1	1	0	2016-07-21 00:00:00	2016-07-21 00:00:00	0	2016-07-21 00:00:00
32	18	スワンボートレース		swan1	1	1	1	0	2016-07-21 00:00:00	2016-07-21 00:00:00	0	2016-07-21 00:00:00
33	19	ナズナの日花騎士劇場		RWFaf9k95YfNiBYWDB84duZcuhYhuJ.swf	0	1	1	0	2016-07-28 00:00:00	2016-07-28 00:00:00	0	2016-07-28 00:00:00
34	20	てんてこまいなカウントダウン！ あと4日	※放送は終了しました	mWFZiCkMk52hDSmQZ1RY5vZ2Fsklj.swf	0	5	1	0	2016-08-08 00:00:00	2016-08-08 00:00:00	0	2016-08-08 00:00:00
35	20	てんてこまいなカウントダウン！ あと3日	※放送は終了しました	eIZBTrz2yT6s3rEya5IYiEbomrg9E.swf	0	4	1	0	2016-08-08 00:00:00	2016-08-08 00:00:00	0	2016-08-08 00:00:00
36	20	てんてこまいなカウントダウン！ あと2日	※放送は終了しました	OAE9nhqG0WLAKPDgmT7n9TwI6NCm.swf	0	3	1	0	2016-08-08 00:00:00	2016-08-08 00:00:00	0	2016-08-08 00:00:00
37	20	てんてこまいなカウントダウン！ あと1日	※放送は終了しました	kaecKe0vtoSR0INdvaw3UO4y0Uqf.swf	0	2	1	0	2016-08-08 00:00:00	2016-08-08 00:00:00	0	2016-08-08 00:00:00
38	20	てんてこまいなカウントダウン！ 放送開始	※放送は終了しました	AOZ2IHLe2qe9NQKvyPUPrtpLTwCwox.swf	0	1	1	0	2016-08-08 00:00:00	2016-08-08 00:00:00	0	2016-08-08 00:00:00
39	21	第3回ニコ生スピンオフ		22X6xg2ceGLicrRB4c3XYQORS9DAt.swf	0	1	1	0	2016-08-30 00:00:00	2016-08-30 00:00:00	0	2016-08-30 00:00:00
40	22	スワンボートレースinガルデの湖			2	1	1	0	2016-08-30 00:00:00	2016-08-30 00:00:00	0	2016-08-30 00:00:00
41	23	ハナヒメコラボ		cqhYrn8VHnTl0LhbCrE3s2PUyq6VlD.swf	0	1	1	0	2016-08-30 00:00:00	2016-08-30 00:00:00	0	2016-08-30 00:00:00
42	24	スワンボートレース芸術の秋杯			3	1	1	0	2016-10-04 00:00:00	2016-10-04 00:00:00	0	2016-10-04 00:00:00
43	25	進化！パーフェクトランタナ！ あと4日	※放送は終了しました	AwicrGrbhopQVfWcC18fbbZTBqvs.swf	0	5	1	0	2016-11-04 00:00:00	2016-11-04 00:00:00	0	2016-11-04 00:00:00
44	25	進化！パーフェクトランタナ！ あと3日	※放送は終了しました	mNTSuqzapMe0NLtv8vxlmqRbwAiUT.swf	0	4	1	0	2016-11-04 00:00:00	2016-11-04 00:00:00	0	2016-11-04 00:00:00
45	25	進化！パーフェクトランタナ！ あと2日	※放送は終了しました	s3O1wof5VZDoL0aq7GB72IvjMQgHG.swf	0	3	1	0	2016-11-04 00:00:00	2016-11-04 00:00:00	0	2016-11-04 00:00:00
46	25	進化！パーフェクトランタナ！ あと1日	※放送は終了しました	oY0NBU2zXJDf35P0EpZG03GUeY.swf	0	2	1	0	2016-11-04 00:00:00	2016-11-04 00:00:00	0	2016-11-04 00:00:00
47	25	進化！パーフェクトランタナ！ 放送開始	※放送は終了しました	cMcsotB2klZ1dsH4CAOmKVdkcGgkPm.swf	0	1	1	0	2016-11-04 00:00:00	2016-11-04 00:00:00	0	2016-11-04 00:00:00
48	26	第4回ニコ生　スピンオフ		7SP65pnZ8roR7mTSNPergGwcowBR.swf	0	1	1	0	2016-11-24 00:00:00	2016-11-24 00:00:00	0	2016-11-24 00:00:00
49	27	スワンボートレース			4	1	1	0	2016-12-21 00:00:00	2016-12-21 00:00:00	0	2016-12-21 00:00:00
50	28	第4.5回ニコ生　スピンオフ		2KrhdOX9unyOxdlIcfo11pKkI9CcN.swf	0	1	1	0	2016-12-21 00:00:00	2016-12-21 00:00:00	0	2016-12-21 00:00:00
51	29	クリスマス花騎士劇場		FFaF18rKoMYJCQngFA718nhTmQSH.swf	0	1	1	0	2016-12-27 00:00:00	2016-12-27 00:00:00	0	2016-12-27 00:00:00
52	30	年末年始花騎士劇場		OtQhFvdPQiYuUIiw5Y12miK6z9DTR.swf	0	1	1	0	2017-01-04 00:00:00	2017-01-04 00:00:00	0	2017-01-04 00:00:00
53	31	カウントダウンinコラボカフェ あと4日	※放送は終了しました	QO1zIrsGJDX80lt9ETs48yvX7A25p.swf	0	5	1	0	2017-02-01 00:00:00	2017-02-01 00:00:00	0	2017-02-01 00:00:00
54	31	カウントダウンinコラボカフェ あと3日	※放送は終了しました	XxgbcbFRf2UD3sCoHUfmhjz1WWsmN.swf	0	4	1	0	2017-02-01 00:00:00	2017-02-01 00:00:00	0	2017-02-01 00:00:00
55	31	カウントダウンinコラボカフェ あと2日	※放送は終了しました	H4y1MbXEFmkioNI5jecmdbUBsjySC.swf	0	3	1	0	2017-02-01 00:00:00	2017-02-01 00:00:00	0	2017-02-01 00:00:00
56	31	カウントダウンinコラボカフェ あと1日	※放送は終了しました	bKdCEHQ0IoDI94mUQz8OqdqgC6uCk.swf	0	2	1	0	2017-02-01 00:00:00	2017-02-01 00:00:00	0	2017-02-01 00:00:00
57	31	カウントダウンinコラボカフェ 放送開始	※放送は終了しました	ERUq4R86ejfrwc3ejjI53Gh311gYQ.swf	0	1	1	0	2017-02-01 00:00:00	2017-02-01 00:00:00	0	2017-02-01 00:00:00
58	32	光華祭トロピカルプリンセス人気投票結果		PDCUgzcZsOgcC3jTn9LEt1SzmCaqfR.swf	0	1	1	0	2017-02-13 00:00:00	2017-02-13 00:00:00	0	2017-02-13 00:00:00
59	33	スワンボートレース　バレンタイン杯			5	1	1	0	2017-02-13 00:00:00	2017-02-13 00:00:00	0	2017-02-13 00:00:00
60	34	エピソードコレクション		XFwq3RJBfuX2sGio1oE4owrYkDuwLU.swf	0	1	1	0	2017-03-07 00:00:00	2017-03-07 00:00:00	0	2017-03-07 00:00:00
61	35	ガールズシンフォニーコラボ		Gwp3AANgnQlOBcAQVoWwiJtOv6R6pR.swf	0	1	1	0	2017-03-22 00:00:00	2017-03-22 00:00:00	0	2017-03-22 00:00:00
62	36	新大陸実装！？投票イベント開催！？		NNdfsBYtNN6DcAXj1RMdPFPFQnCukV.swf	0	1	1	0	2017-04-05 00:00:00	2017-04-05 00:00:00	0	2017-04-05 00:00:00
63	36	USOエイプリルフルール投票結果発表！		H2M4dpzo9SfChqryqR8yTzW5PFcKQK.swf	0	2	1	0	2017-04-05 00:00:00	2017-04-05 00:00:00	0	2017-04-05 00:00:00
64	37	スワンボートレース			6	1	1	0	2017-04-26 00:00:00	2017-04-26 00:00:00	0	2017-04-26 00:00:00
65	38	爆誕！花の勇者ランタナ！ あと4日	※放送は終了しました	CcllAT2M25ngscZbVkIG4RCsgl8ZI1.swf	0	5	1	0	2017-04-26 00:00:00	2017-04-26 00:00:00	0	2017-04-26 00:00:00
66	38	爆誕！花の勇者ランタナ！ あと3日	※放送は終了しました	8WnmZPvC3is5N1HtHvCgOCaLxxYF.swf	0	4	1	0	2017-04-26 00:00:00	2017-04-26 00:00:00	0	2017-04-26 00:00:00
67	38	爆誕！花の勇者ランタナ！ あと2日	※放送は終了しました	6cJ6kkHMiwiRhVc2BGiqoqDzYGytm1.swf	0	3	1	0	2017-04-26 00:00:00	2017-04-26 00:00:00	0	2017-04-26 00:00:00
68	38	爆誕！花の勇者ランタナ！ あと1日	※放送は終了しました	OScUYW0RsBPQo0DHaw5AXSeObK1Q7.swf	0	2	1	0	2017-04-26 00:00:00	2017-04-26 00:00:00	0	2017-04-26 00:00:00
69	38	爆誕！花の勇者ランタナ！ 放送開始	※放送は終了しました	VncTYL3Xu4BVgraVVj5qBpbFQsQ2.swf	0	1	1	0	2017-04-26 00:00:00	2017-04-26 00:00:00	0	2017-04-26 00:00:00
70	39	第5回ニコ生　スピンオフ		2lLt6rSXI02on1rAZDtQuAVMyainuN.swf	0	1	1	0	2017-06-01 00:00:00	2017-06-01 00:00:00	0	2017-06-01 00:00:00
71	40	スワンボートレース			7	1	1	0	2017-06-28 00:00:00	2017-06-28 00:00:00	0	2017-06-28 00:00:00
72	41	盛りだくさんのリハーサル！あと4日	※放送は終了しました	c4HIzo1bmd7qpTxfjn7MGeiak7m6G.swf	0	5	1	0	2017-08-02 00:00:00	2017-08-02 00:00:00	0	2017-08-02 00:00:00
73	41	盛りだくさんのリハーサル！あと3日	※放送は終了しました	1qrb5okkUQiayKNZE1qpPzqqTLLeM.swf	0	4	1	0	2017-08-02 00:00:00	2017-08-02 00:00:00	0	2017-08-02 00:00:00
74	41	盛りだくさんのリハーサル！あと2日	※放送は終了しました	AygoLxbio8Txr1yHdVOYIJe0bg5DPA.swf	0	3	1	0	2017-08-02 00:00:00	2017-08-02 00:00:00	0	2017-08-02 00:00:00
75	41	盛りだくさんのリハーサル！あと1日	※放送は終了しました	p7ouUVsRtWQ8uKdq8v8tYJGd8HT09s.swf	0	2	1	0	2017-08-02 00:00:00	2017-08-02 00:00:00	0	2017-08-02 00:00:00
76	41	盛りだくさんのリハーサル！放送開始	※放送は終了しました	qcer2v7XqMhJE0EKXV0c15BVOAg20s.swf	0	1	1	0	2017-08-02 00:00:00	2017-08-02 00:00:00	0	2017-08-02 00:00:00
77	42	集まれ！コラボカフェ　あと4日	※放送は終了しました	GE7xoqsdDScmwDtXDrrPThgjI83L.swf	0	5	1	0	2017-08-30 00:00:00	2017-08-30 00:00:00	0	2017-08-30 00:00:00
78	42	集まれ！コラボカフェ　あと3日	※放送は終了しました	Itt3hAti5BFamc0Q1gYxMH83WTrT1x.swf	0	4	1	0	2017-08-30 00:00:00	2017-08-30 00:00:00	0	2017-08-30 00:00:00
79	42	集まれ！コラボカフェ　あと2日	※放送は終了しました	TrQV1WTJtRiwMDmgYc5aQNqVYh4SrZ.swf	0	3	1	0	2017-08-30 00:00:00	2017-08-30 00:00:00	0	2017-08-30 00:00:00
80	42	集まれ！コラボカフェ　あと1日	※放送は終了しました	9lcYnuMhheLHEF4gXDuMNBgCYyqb5.swf	0	2	1	0	2017-08-30 00:00:00	2017-08-30 00:00:00	0	2017-08-30 00:00:00
81	42	集まれ！コラボカフェ　放送開始	※放送は終了しました	3JcvXYj0LfyonDuIWXjpEpqzdLO.swf	0	1	1	0	2017-08-30 00:00:00	2017-08-30 00:00:00	0	2017-08-30 00:00:00
82	43	スワンボートレース			8	1	1	0	2017-09-12 00:00:00	2017-09-12 00:00:00	0	2017-09-12 00:00:00
83	44	光華のバナナ姫　バッナーナ！　あと2日	※放送は終了しました	FstnuxpaqLFdusppvK5E9Efy3dRz.swf	0	3	1	0	2017-09-28 00:00:00	2017-09-28 00:00:00	0	2017-09-28 00:00:00
84	44	光華のバナナ姫　バッナーナ！　あと1日	※放送は終了しました	hrTjJUHMRAFeOHLQ3OqmwVp67.swf	0	2	1	0	2017-09-28 00:00:00	2017-09-28 00:00:00	0	2017-09-28 00:00:00
85	44	光華のバナナ姫　バッナーナ！　放送開始	※放送は終了しました	zsKSdtYCPfzmSgqonad4Cqe3KKdt.swf	0	1	1	0	2017-09-28 00:00:00	2017-09-28 00:00:00	0	2017-09-28 00:00:00
86	45	またまた命懸けの大玉ころがし！？	※放送は終了しました	lSl533cpM8houHKwhf5E5dvsLjJvfg.swf	0	1	1	0	2017-11-29 00:00:00	2017-11-29 00:00:00	0	2017-11-29 00:00:00
87	46	スワンボートレース			9	1	1	0	2017-12-05 00:00:00	2017-12-05 00:00:00	0	2017-12-05 00:00:00
88	47	No.1は誰だ！クリスマス大作戦！あと4日	※放送は終了しました	adDlzmDm55IV9OET81THV1FoZEfo9.swf	0	5	1	0	2017-12-25 00:00:00	2017-12-25 00:00:00	0	2017-12-25 00:00:00
89	47	No.1は誰だ！クリスマス大作戦！あと3日	※放送は終了しました	Vfjo0UI74LpZBzN2ptVTRXDRMX5N4.swf	0	4	1	0	2017-12-25 00:00:00	2017-12-25 00:00:00	0	2017-12-25 00:00:00
90	47	No.1は誰だ！クリスマス大作戦！あと2日	※放送は終了しました	bTs6iroDrIB85p0jPuxqpp4pnNDH3i.swf	0	3	1	0	2017-12-25 00:00:00	2017-12-25 00:00:00	0	2017-12-25 00:00:00
91	47	No.1は誰だ！クリスマス大作戦！あと1日	※放送は終了しました	Z9ah5JMNGRMUnWPfdDtntr6vDt3Gm.swf	0	2	1	0	2017-12-25 00:00:00	2017-12-25 00:00:00	0	2017-12-25 00:00:00
92	47	No.1は誰だ！クリスマス大作戦！放送開始	※放送は終了しました	Gnf843xBXE6vunmMckqXBs9iSzMr0a.swf	0	1	1	0	2017-12-25 00:00:00	2017-12-25 00:00:00	0	2017-12-25 00:00:00
93	48	謹賀新年 花騎士おみくじ劇場 2018		tVL7bdPzFNES1Wc7vQWl8fK7xu11P4sb.swf	0	1	1	0	2018-01-05 00:00:00	2018-01-05 00:00:00	0	2018-01-05 00:00:00
94	49	あるカマキリともう一つの才華祭　あと4日	※放送は終了しました	QuZyZd87VdutSLHOCU6l3mOEoMb0a.swf	0	5	1	0	2018-01-23 00:00:00	2018-01-23 00:00:00	0	2018-01-23 00:00:00
95	49	あるカマキリともう一つの才華祭　あと3日	※放送は終了しました	hVsXk9kjBOm7EEScNPRJWQJFDzzcXB.swf	0	4	1	0	2018-01-23 00:00:00	2018-01-23 00:00:00	0	2018-01-23 00:00:00
96	49	あるカマキリともう一つの才華祭　あと2日	※放送は終了しました	OelsQUgwx2EPgAlkiGN4b4kp3pGLX.swf	0	3	1	0	2018-01-23 00:00:00	2018-01-23 00:00:00	0	2018-01-23 00:00:00
97	49	あるカマキリともう一つの才華祭　あと1日	※放送は終了しました	4CaucadLefHy1WXxcPFxRfbvlLtFKz.swf	0	2	1	0	2018-01-23 00:00:00	2018-01-23 00:00:00	0	2018-01-23 00:00:00
98	49	あるカマキリともう一つの才華祭　放送開始	※放送は終了しました	tHV0ZTJXIhiWAuoOQncsX4xLpHRnUs.swf	0	1	1	0	2018-01-23 00:00:00	2018-01-23 00:00:00	0	2018-01-23 00:00:00
99	50	才華祭ノーブル・グレイス人気投票結果		vadmBI22xY0AjzkLWtH6EyhAJ6IOme.swf	0	1	1	0	2018-02-14 00:00:00	2018-02-14 00:00:00	0	2018-02-14 00:00:00
100	51	炎熱と宵闇の化身　宵闇の眷属		tEfbr3yNlyllZqQ6X2e35L3Cp4MWtX.swf	0	3	2	0	2018-03-01 00:00:00	2018-03-01 00:00:00	0	2018-03-01 00:00:00
101	51	炎熱と宵闇の化身　炎熱の迷宮		vadqrq0O5Yh9nioMqqpRRgWul6KBpIx8.swf	0	2	2	0	2018-03-01 00:00:00	2018-03-01 00:00:00	0	2018-03-01 00:00:00
102	51	炎熱と宵闇の化身　封印の光		3pu3zqk2knSQNqf4ngEB2GRvHh5QTEMC.swf	0	1	2	0	2018-03-02 00:00:00	2018-03-02 00:00:00	0	2018-03-02 00:00:00
103	52	レアリティ昇華　解禁！！		fDk3J8JXcKkW8aoEU7VDVbvu5C3dUTK.swf	0	1	1	0	2018-03-14 00:00:00	2018-03-14 00:00:00	0	2018-03-14 00:00:00
104	53	スワンボートレース			10	1	1	0	2017-12-05 00:00:00	2017-12-05 00:00:00	0	2017-12-05 00:00:00
105	54	空上の宴より生まれし空想		MjoW7xmsWjlB1vHbztDPuIjJvZhghqB.swf	0	3	1	0	2018-04-05 00:00:00	2018-04-05 00:00:00	0	2018-04-05 00:00:00
106	54	ナイドホグル団長の眷属育成計画（開始）			0	2	3	3691	2018-04-05 00:00:00	2018-04-05 00:00:00	0	2018-04-05 00:00:00
107	54	ナイドホグル団長の眷属育成計画（終了）			0	1	3	3692	2018-04-05 00:00:00	2018-04-05 00:00:00	0	2018-04-05 00:00:00
108	55	お知らせいっぱいナズナさん！あと4日	※放送は終了しました	Aw4qcA1GjqORkUV9kIwWfZdp3bMH.swf	0	5	1	0	2018-04-23 00:00:00	2018-04-23 00:00:00	0	2018-04-23 00:00:00
109	55	お知らせいっぱいナズナさん！あと3日	※放送は終了しました	Jbsbvwf2MN9HepGmGXe2Nh5ELOHz.swf	0	4	1	0	2018-04-23 00:00:00	2018-04-23 00:00:00	0	2018-04-23 00:00:00
110	55	お知らせいっぱいナズナさん！あと2日	※放送は終了しました	VVUzs9eRwoR9oSszQcYkpYfqT2xr7G.swf	0	3	1	0	2018-04-23 00:00:00	2018-04-23 00:00:00	0	2018-04-23 00:00:00
111	55	お知らせいっぱいナズナさん！あと1日	※放送は終了しました	zkkmmzSdSKEu0mpj73Pnk7tkyRGr4v.swf	0	2	1	0	2018-04-23 00:00:00	2018-04-23 00:00:00	0	2018-04-23 00:00:00
112	55	お知らせいっぱいナズナさん！放送開始	※放送は終了しました	iv01cuASuZpka9JgrTJ0ySlVH4epe.swf	0	1	1	0	2018-04-23 00:00:00	2018-04-23 00:00:00	0	2018-04-23 00:00:00
113	56	スワンボートレース			11	1	1	0	2018-07-02 00:00:00	2018-07-02 00:00:00	0	2018-07-02 00:00:00
114	57	それゆけ！PV撮影！あと4日	※放送は終了しました	CVVBkHHioNJyJPmErzwW4FF7aypphLj.swf	0	5	1	0	2018-07-11 00:00:00	2018-07-11 00:00:00	0	2018-07-11 00:00:00
115	57	それゆけ！PV撮影！あと3日	※放送は終了しました	mUScc6NmjM3Y0sm4gITFg4zPSFFTqb8.swf	0	4	1	0	2018-07-11 00:00:00	2018-07-11 00:00:00	0	2018-07-11 00:00:00
116	57	それゆけ！PV撮影！あと2日	※放送は終了しました	K9OwpLYEF91IgD5WNrx1rcIDheId.swf	0	3	1	0	2018-07-11 00:00:00	2018-07-11 00:00:00	0	2018-07-11 00:00:00
117	57	それゆけ！PV撮影！あと1日	※放送は終了しました	8NodSt7MN263UOLsxlMtwvo0JYjyeL9P.swf	0	2	1	0	2018-07-11 00:00:00	2018-07-11 00:00:00	0	2018-07-11 00:00:00
118	57	それゆけ！PV撮影！放送開始	※放送は終了しました	eSmWLthiCC98bCuwVyVo0DUqFoEOO6J.swf	0	1	1	0	2018-07-11 00:00:00	2018-07-11 00:00:00	0	2018-07-11 00:00:00
119	58	2018年 ナズナの日 衣装人気投票			0	4	3	4071	2018-07-25 00:00:00	2018-07-25 00:00:00	0	2018-07-25 00:00:00
120	59	第7回ニコ生　スピンオフ	※放送は終了しました	E02AqnRIvWZBipjjIrXxzzsz0jIxcq.swf	0	1	1	0	2018-08-07 00:00:00	2018-08-07 00:00:00	0	2018-08-07 00:00:00
121	58	③　温泉タオルを身に着けて			0	1	3	4172	2018-08-24 00:00:00	2018-08-24 00:00:00	0	2018-08-24 00:00:00
123	58	②　古風なお姫様の着物を身に着けて			0	2	3	4173	2018-08-24 00:00:00	2018-08-24 00:00:00	0	2018-08-24 00:00:00
124	58	①　先生の制服を身に着けて			0	3	3	4174	2018-08-24 00:00:00	2018-08-24 00:00:00	0	2018-08-24 00:00:00
125	60	おさナズ誕生秘話　あと3つ		gbdc2V27Sn2sEd5Icqs7zON4kSMvDOjf.swf	0	4	1	0	2018-08-30 00:00:00	2018-08-30 00:00:00	0	2018-08-30 00:00:00
126	60	おさナズ誕生秘話　あと2つ		267OA0LND4jxnt8S2s4BZT4z6OtAt9d.swf	0	3	1	0	2018-08-30 00:00:00	2018-08-30 00:00:00	0	2018-08-30 00:00:00
127	60	おさナズ誕生秘話　あと1つ		4Rzb5g6tFLvLe3MQFu14ZXkRNYWs20.swf	0	2	1	0	2018-08-30 00:00:00	2018-08-30 00:00:00	0	2018-08-30 00:00:00
128	60	おさナズ誕生秘話		pihCzb8j3dMPFglrJbsDFoR8rEkbgT9E.swf	0	1	1	0	2018-08-30 00:00:00	2018-08-30 00:00:00	0	2018-08-30 00:00:00
129	61	旧オープニングムービー		sound/pv.mp4	0	1	4	0	2018-09-06 00:00:00	2018-09-06 00:00:00	0	2018-09-06 00:00:00
130	61	新オープニングムービー(2018公開ver)		sound/opening.mp4	0	2	4	0	2018-09-06 00:00:00	2018-09-06 00:00:00	0	2018-09-06 00:00:00
131	61	メインストーリー二部オープニングムービー		sound/st2_op.mp4	0	3	4	0	2018-09-06 00:00:00	2018-09-06 00:00:00	0	2018-09-06 00:00:00
132	62	クイズ！花騎士だ～れだ？　あと2日	※放送は終了しました	TxSZyZfjGn8yogIIb09EUVYsV2Rp1UD.swf	0	3	1	0	2018-09-26 00:00:00	2018-09-26 00:00:00	0	2018-09-26 00:00:00
133	62	クイズ！花騎士だ～れだ？　あと1日	※放送は終了しました	6Ev6Y0ZVfDcgS7FpsEar0pvpXErt9a.swf	0	2	1	0	2018-09-26 00:00:00	2018-09-26 00:00:00	0	2018-09-26 00:00:00
134	62	クイズ！花騎士だ～れだ？　放送開始	※放送は終了しました	XGwq74rA1XjrKRs26Bc78ZMRfvx8Wfp.swf	0	1	1	0	2018-09-26 00:00:00	2018-09-26 00:00:00	0	2018-09-26 00:00:00
135	63	クランベリーの教えて先生！	※放送は終了しました	ehp50n6irc15YAaXbS65GaXgDx6GlfG.swf	0	1	1	0	2018-11-28 00:00:00	2018-11-28 00:00:00	0	2018-11-28 00:00:00
136	64	クリスマスの夜を駆ける花騎士　あと4日	※放送は終了しました	WLa9I684wJbpiG1sgFhNz7tZItIFkRE.swf	0	5	1	0	2018-12-27 00:00:00	2018-12-27 00:00:00	0	2018-12-27 00:00:00
137	64	クリスマスの夜を駆ける花騎士　あと3日	※放送は終了しました	nwgKO0wB5DX00bOsWEAWm2NKNTf5MjQV.swf	0	4	1	0	2018-12-27 00:00:00	2018-12-27 00:00:00	0	2018-12-27 00:00:00
138	64	クリスマスの夜を駆ける花騎士　あと2日	※放送は終了しました	oQcETJNr6I1HrD7im7a7NunECAtMsTPi.swf	0	3	1	0	2018-12-27 00:00:00	2018-12-27 00:00:00	0	2018-12-27 00:00:00
139	64	クリスマスの夜を駆ける花騎士　あと1日	※放送は終了しました	6i0Dyf0wxblPhnoMjfE6a1bqDxZ3LPs.swf	0	2	1	0	2018-12-27 00:00:00	2018-12-27 00:00:00	0	2018-12-27 00:00:00
140	64	クリスマスの夜を駆ける花騎士　放送開始	※放送は終了しました	MnKhJ9jFhE98amqHvIqkSDbABRBmnu.swf	0	1	1	0	2018-12-27 00:00:00	2018-12-27 00:00:00	0	2018-12-27 00:00:00
141	65	謹賀新年 花騎士おみくじ劇場 2019		html/theater/omikuji/index.html	0	1	1	0	2019-01-08 00:00:00	2019-01-08 00:00:00	0	2019-01-08 00:00:00
142	66	ノヴァーリスの舞台探検	※放送は終了しました	iAoHTyfUoR09pc4URIztMS2GZEfmYK.swf	0	1	1	0	2019-01-23 00:00:00	2019-01-23 00:00:00	0	2019-01-23 00:00:00
143	67	精華祭の準備中　あと4日	※放送は終了しました	dmpcNrWwNAob61FOVliOfcs41aXy.swf	0	5	1	0	2019-01-30 00:00:00	2019-01-30 00:00:00	0	2019-01-30 00:00:00
144	67	精華祭の準備中　あと3日	※放送は終了しました	ZcUJ6nnF9Ow45dS3iNlphsB6KaMsSMoP.swf	0	4	1	0	2019-01-30 00:00:00	2019-01-30 00:00:00	0	2019-01-30 00:00:00
145	67	精華祭の準備中　あと2日	※放送は終了しました	nl7uu826Xfaa8xaJ28Np10cpCB9BFoS.swf	0	3	1	0	2019-01-30 00:00:00	2019-01-30 00:00:00	0	2019-01-30 00:00:00
146	67	精華祭の準備中　あと1日	※放送は終了しました	wFMA0deT16jqSgqNPDJv9EjYpj9tHIo5.swf	0	2	1	0	2019-01-30 00:00:00	2019-01-30 00:00:00	0	2019-01-30 00:00:00
147	67	精華祭の準備中　放送開始	※放送は終了しました	C5qxLqNB68xO9LUORwmpg0Km1Qvx6gxm.swf	0	1	1	0	2019-01-30 00:00:00	2019-01-30 00:00:00	0	2019-01-30 00:00:00
148	68	ここ惚れ！酒造！		SmVnB5A1vyxzagtC9IaGYswN4u6GI.swf	0	1	1	0	2019-02-14 00:00:00	2019-02-14 00:00:00	0	2019-02-14 00:00:00
149	69	人気投票、結果発表！		T00VI2Z6vAXTIjyCHbC7tyu480MxI.swf	0	1	1	0	2019-02-13 00:00:00	2019-02-13 00:00:00	0	2019-02-13 00:00:00
150	70	スワンボートレース			12	1	1	0	2019-02-28 00:00:00	2019-02-28 00:00:00	0	2019-02-28 00:00:00
151	71	ベロニカの必勝スワンボート	※放送は終了しました	6Gh9GKBwNyeqBEsBGqxbNeGfKevo69W.swf	0	1	1	0	2019-03-07 00:00:00	2019-03-07 00:00:00	0	2019-03-07 00:00:00
152	72	めいめい！わたしのなまえをよんで！		4XNZZu85nsDskquMo9Xk9d1hri1UG.swf	0	3	1	0	2019-04-04 00:00:00	2019-04-04 00:00:00	0	2019-04-04 00:00:00
153	72	ゲンゴウロウの名付け親になろう！（開始）			0	2	3	4959	2019-04-04 00:00:00	2019-04-04 00:00:00	0	2019-04-04 00:00:00
154	72	ゲンゴウロウの名付け親になろう！（終了）			0	1	3	4960	2019-04-04 00:00:00	2019-04-04 00:00:00	0	2019-04-04 00:00:00
155	73	昏き監獄の金の鍵「マザー出現！」		Xmo0A92HYkNGsHZ.swf	0	1	1	0	2019-04-04 00:00:00	2019-04-04 00:00:00	0	2019-04-04 00:00:00
156	74	猫の秘密と納豆巻き　あと4日	※放送は終了しました	t7drkLlFKJsEoyBoguvI.swf	0	5	1	0	2019-04-23 00:00:00	2019-04-23 00:00:00	0	2019-04-23 00:00:00
157	74	猫の秘密と納豆巻き　あと3日	※放送は終了しました	HoDUpKQeBrBhLr3kQENe.swf	0	4	1	0	2019-04-23 00:00:00	2019-04-23 00:00:00	0	2019-04-23 00:00:00
158	74	猫の秘密と納豆巻き　あと2日	※放送は終了しました	ApGD9v7V0QXjH7DVf9ri.swf	0	3	1	0	2019-04-23 00:00:00	2019-04-23 00:00:00	0	2019-04-23 00:00:00
159	74	猫の秘密と納豆巻き　あと1日	※放送は終了しました	9uGql4zCXPM6hVfrxYHp.swf	0	2	1	0	2019-04-23 00:00:00	2019-04-23 00:00:00	0	2019-04-23 00:00:00
160	74	猫の秘密と納豆巻き　放送開始	※放送は終了しました	H8u6ochKSsa0aBhaVy5a.swf	0	1	1	0	2019-04-23 00:00:00	2019-04-23 00:00:00	0	2019-04-23 00:00:00
161	75	第零話　リベンジ！イオノシジウム！	※放送は終了しました	eV0r88tCWsSTy6DoFbvePLCNZ1tJ5cy.swf	0	1	1	0	2019-05-10 00:00:00	2019-05-10 00:00:00	0	2019-05-10 00:00:00
162	76	スワンボートレース			13	1	1	0	2019-06-04 00:00:00	2019-06-04 00:00:00	0	2019-06-04 00:00:00
163	77	第11回ニコ生　スピンオフ	※放送は終了しました	dRqQJlaKJqMHykPKEHVmRVkh3dZo6W.swf	0	1	1	0	2018-08-07 00:00:00	2018-08-07 00:00:00	0	2018-08-07 00:00:00
164	78	お姉ちゃんを探して！　前編			0	3	3	5460	2019-07-25 00:00:00	2019-07-25 00:00:00	0	2019-07-25 00:00:00
165	78	お姉ちゃんを探して！　後編			0	2	3	5461	2019-07-25 00:00:00	2019-07-25 00:00:00	0	2019-07-25 00:00:00
166	78	エンディング			0	1	3	5462	2019-07-25 00:00:00	2019-07-25 00:00:00	0	2019-07-25 00:00:00
167	79	不滅と黄昏の支配者　精霊戦線		0000bd008244fb25c91850c80ab6213f.mp4	0	3	5	0	2019-08-06 00:00:00	2019-08-09 00:00:00	0	2019-08-09 00:00:00
168	79	不滅と黄昏の支配者　根源の世界		d1b0c908019715f84e4dbc2729186bb4.mp4	0	2	5	0	2019-08-06 00:00:00	2019-08-09 00:00:00	0	2019-08-09 00:00:00
169	79	不滅と黄昏の支配者　大いなる祝福		972b207fb5fdf2e678eac2e9fd1f97ef.mp4	0	1	5	0	2019-08-06 00:00:00	2019-08-09 00:00:00	0	2019-08-09 00:00:00
170	80	スワンボートレース			14	1	1	0	2019-08-28 00:00:00	2019-08-28 00:00:00	0	2019-08-28 00:00:00
171	81	マニュの思い出紀行　あと4日	※放送は終了しました	cAlbz80axhCmPWG61xPplR97TeiGRSo.swf	0	5	1	0	2019-08-29 00:00:00	2019-08-29 00:00:00	0	2019-08-29 00:00:00
172	81	マニュの思い出紀行　あと3日	※放送は終了しました	5cnUPS4PVxd2UBwwFQvFjvVcYNl24c.swf	0	4	1	0	2019-08-29 00:00:00	2019-08-29 00:00:00	0	2019-08-29 00:00:00
173	81	マニュの思い出紀行　あと2日	※放送は終了しました	Uz4TttMyg1WqMFEmW8kwCorjkfEuXh5e.swf	0	3	1	0	2019-08-29 00:00:00	2019-08-29 00:00:00	0	2019-08-29 00:00:00
174	81	マニュの思い出紀行　あと1日	※放送は終了しました	OCZX40kNhccluzfSQjd7uzy7PYtZlw.swf	0	2	1	0	2019-08-29 00:00:00	2019-08-29 00:00:00	0	2019-08-29 00:00:00
175	81	マニュの思い出紀行　放送開始	※放送は終了しました	Y4vZtfx1rMSuOhvaW1rrgLUari9C.swf	0	1	1	0	2019-08-29 00:00:00	2019-08-29 00:00:00	0	2019-08-29 00:00:00
176	82	フラワーメモリー　実装		k8lqZSlOZgh3IRjF8zEchkxnYHCTCQge.swf	0	1	1	0	2019-09-06 00:00:00	2019-09-06 00:00:00	0	2019-09-06 00:00:00
177	83	第11.5回ニコ生　スピンオフ	※放送は終了しました	DFsJood2kg5eFd1bI1Tg7RjhzYpRwIz2.swf	0	1	1	0	2019-10-01 00:00:00	2019-10-01 00:00:00	0	2019-10-01 00:00:00
178	84	スワンボートレース			15	1	1	0	2019-10-08 00:00:00	2019-10-08 00:00:00	0	2019-10-08 00:00:00
179	85	ゼンマイ人形　空の旅　あと2日	※放送は終了しました	rm67jBz9wnFOIn4dgc1f2ESsZ68zy2.swf	0	3	1	0	2019-11-25 00:00:00	2019-11-28 00:00:00	0	2019-11-28 00:00:00
180	85	ゼンマイ人形　空の旅　あと1日	※放送は終了しました	o6OJxoCUqC4I7arrMSi7IdZcnYubJpl.swf	0	2	1	0	2019-11-25 00:00:00	2019-11-28 00:00:00	0	2019-11-28 00:00:00
181	85	ゼンマイ人形　空の旅　放送開始	※放送は終了しました	0NrCYBRZHpI7SvRcZFgPuIdTBA3HbhW5.swf	0	1	1	0	2019-11-25 00:00:00	2019-11-28 00:00:00	0	2019-11-28 00:00:00
182	86	謹賀新年 花騎士おみくじ劇場 2020		html/theater/omikuji/index.html	0	1	1	0	2020-01-07 00:00:00	2020-01-07 00:00:00	0	2020-01-07 00:00:00
183	87	納豆巻は誰のもの？　あと2日	※放送は終了しました	rlG2f94nBgWjqacMRMcS5uqizfYjXNP.swf	0	3	1	0	2020-01-27 00:00:00	2020-01-30 00:00:00	0	2020-01-30 00:00:00
184	87	納豆巻は誰のもの？　あと1日	※放送は終了しました	CGs6Umzy52YJfOqlk9jiB3Pl8MPI4.swf	0	2	1	0	2020-01-27 00:00:00	2020-01-30 00:00:00	0	2020-01-30 00:00:00
185	87	納豆巻は誰のもの？　放送開始	※放送は終了しました	v98W3I8JPJGnqrZSGNfNAtirDgnRDcSH.swf	0	1	1	0	2020-01-27 00:00:00	2020-01-30 00:00:00	0	2020-01-30 00:00:00
186	88	万華祭カレイドクローマ人気投票結果		GMgPraS1SdyxmpDoNii8EhG7Qubb1LhG.swf	0	1	1	0	2020-02-10 00:00:00	2020-02-10 00:00:00	0	2020-02-10 00:00:00
187	89	スワンボートレース			16	1	1	0	2020-03-19 00:00:00	2020-03-19 00:00:00	0	2020-03-19 00:00:00
188	90	第11.5回ニコ生　スピンオフ	※放送は終了しました	Pq1jmPaUTd9GraLtoayNUIsn71x1EKL.swf	0	1	1	0	2020-03-19 00:00:00	2020-03-19 00:00:00	0	2020-03-19 00:00:00
189	91	スワンボートレース			17	1	1	0	2020-07-14 00:00:00	2020-07-14 00:00:00	0	2020-07-14 00:00:00
190	92	ナズナとジャンケンゲーム！？			0	1	3	6753	2020-07-27 00:00:00	2020-07-27 00:00:00	0	2020-07-27 00:00:00
191	93	スワンボートレース			18	1	1	0	2020-10-20 00:00:00	2020-10-20 00:00:00	0	2020-10-20 00:00:00
192	94	第20回ニコ生	※放送は終了しました	1AtLQ7oN6uNO3JU3HBRmicRF8sEUlK.swf	0	1	1	0	2020-11-11 00:00:00	2020-11-11 00:00:00	0	2020-11-11 00:00:00
193	95	謹賀新年 花騎士おみくじ劇場 2021		html/theater/omikuji/index.html	0	1	1	0	2021-01-05 00:00:00	2021-01-05 00:00:00	0	2021-01-05 00:00:00
194	61	新PV(2021公開ver)		2021opening.mp4	0	3	4	0	2021-01-22 00:00:00	2021-01-22 00:00:00	0	2021-01-22 00:00:00
195	96	天雷と暁の王　天雷の使徒		QQwSQiUndpDaTn7fADTEwrf8qVhE9wT.mp4	0	3	6	0	2021-01-25 00:00:00	2021-01-25 00:00:00	0	2021-01-25 00:00:00
196	96	天雷と暁の王　暁の羽		xd3hcRRPI5RgvI5FkOJGz9xzNX5nJvnY.mp4	0	2	6	0	2021-01-25 00:00:00	2021-01-25 00:00:00	0	2021-01-25 00:00:00
197	96	天雷と暁の王　最後の戦いへ		38u25MTu1KRXhvLBxnBaA4bjzJ4q7Xem.mp4	0	1	6	0	2021-01-25 00:00:00	2021-01-25 00:00:00	0	2021-01-25 00:00:00
198	97	新規団長応援!!キャンペーン		56a123a5c086870ec5963266190cd18a.mp4	0	1	1	0	2021-12-10 00:00:00	2021-12-10 00:00:00	0	2021-12-10 00:00:00
199	98	謹賀新年 花騎士おみくじ劇場 2022		html/theater/omikuji/index.html	0	1	1	0	2022-01-05 00:00:00	2022-01-05 00:00:00	0	2022-01-05 00:00:00
200	99	7th FLOWER KNIGHT GIRL あと2日	※放送は終了しました	suNrtb23dUCAmbrsqEjuWv8E.mp4	0	4	1	0	2022-01-27 00:00:00	2022-01-27 00:00:00	0	2022-01-27 00:00:00
201	99	7th FLOWER KNIGHT GIRL あと1日	※放送は終了しました	SY6YmAmxiySCYaEWM8xf4nJx.mp4	0	3	1	0	2022-01-27 00:00:00	2022-01-27 00:00:00	0	2022-01-27 00:00:00
202	99	7th FLOWER KNIGHT GIRL 放送開始	※放送は終了しました	sh5DXddCjNECS7MvhnAHDfHU.mp4	0	2	1	0	2022-01-27 00:00:00	2022-01-27 00:00:00	0	2022-01-27 00:00:00
203	99	7th FLOWER KNIGHT GIRL 特別ムービー		7th_anniversary_ancient_flower_knight_bgm.mp4	0	1	1	0	2022-01-27 00:00:00	2022-01-27 00:00:00	0	2022-01-27 00:00:00
204	100	7周年人気投票！結果発表！		S9C3FJQfsSKBnQUkJdkdiDCO_bgm.mp4	0	1	1	0	2022-02-15 00:00:00	2022-02-15 00:00:00	0	2022-02-15 00:00:00
205	101	”怪盗”ナイトシェードが現れた？？		AprilFool2022.mp4	0	2	1	0	2022-03-22 00:00:00	2022-03-22 00:00:00	0	2022-03-22 00:00:00
206	101	事件の結末～真実はいつもひとつ！～			0	1	3	8341	2022-03-22 00:00:00	2022-03-22 00:00:00	0	2022-03-22 00:00:00
207	102	謹賀新年 花騎士おみくじ劇場 2023		html/theater/omikuji/index.html	0	1	1	0	2022-12-29 00:00:00	2022-12-29 00:00:00	0	2022-12-29 00:00:00
208	103	8th FLOWER KNIGHT GIRL 特別ムービー	※放送は終了しました	63c9290d242c8af7eae9bf7b3bff3198.mp4	0	1	1	0	2023-01-20 00:00:00	2023-01-20 00:00:00	0	2023-01-20 00:00:00
209	104	8周年人気投票！結果発表！		b89da46efd330451f5235ec3250ee906_bgm.mp4	0	1	1	0	2022-02-15 00:00:00	2022-02-15 00:00:00	0	2022-02-15 00:00:00